标记点（置信度）,标记点,x坐标,y坐标,,
lower_leg 0.89,lower_leg ,1603.5,2254.5,,
joint 0.91,joint ,1648.5,1255.5,,
upper_leg 0.92,upper_leg ,1691,338,,
lower_leg 0.89,lower_leg ,1603.5,2254.5,,
joint 0.91,joint ,1648.5,1255.5,,
upper_leg 0.92,upper_leg ,1691,338,,
lower_leg 0.89,lower_leg ,1603.5,2254.5,,
joint 0.91,joint ,1645.5,1256.5,,
upper_leg 0.92,upper_leg ,1688.5,338,,
lower_leg 0.90,lower_leg ,1607.5,2253,,
joint 0.91,joint ,1653,1255.5,,
upper_leg 0.92,upper_leg ,1689,337,,
lower_leg 0.90,lower_leg ,1607.5,2253,,
joint 0.91,joint ,1653,1255.5,,
upper_leg 0.92,upper_leg ,1689,337,,
lower_leg 0.89,lower_leg ,1603.5,2258,,
joint 0.91,joint ,1642,1257.5,,
upper_leg 0.92,upper_leg ,1667,336,,
lower_leg 0.89,lower_leg ,1603.5,2258,,
joint 0.91,joint ,1642,1257.5,,
upper_leg 0.92,upper_leg ,1667,336,,
lower_leg 0.90,lower_leg ,1594.5,2262.5,,
upper_leg 0.92,upper_leg ,1629.5,344.5,,
joint 0.92,joint ,1631.5,1256,,
lower_leg 0.88,lower_leg ,1598,2261,,
upper_leg 0.92,upper_leg ,1615.5,348.5,,
joint 0.92,joint ,1633,1257,,
lower_leg 0.90,lower_leg ,1609.5,2253,,
joint 0.91,joint ,1648.5,1261,,
upper_leg 0.91,upper_leg ,1620,351.5,,
joint 0.90,joint ,1692,1255,,
lower_leg 0.91,lower_leg ,1631.5,2243.5,,
upper_leg 0.92,upper_leg ,1634,351.5,,
joint 0.90,joint ,1692,1255,,
lower_leg 0.91,lower_leg ,1631.5,2243.5,,
upper_leg 0.92,upper_leg ,1634,351.5,,
upper_leg 0.89,upper_leg ,1655,364.5,,
joint 0.90,joint ,1717,1248.5,,
lower_leg 0.91,lower_leg ,1634.5,2233,,
lower_leg 0.89,lower_leg ,1639,2229.5,,
upper_leg 0.90,upper_leg ,1640.5,381,,
joint 0.90,joint ,1722,1250.5,,
lower_leg 0.86,lower_leg ,1664,2217.5,,
upper_leg 0.89,upper_leg ,1650.5,385.5,,
joint 0.91,joint ,1756.5,1250,,
lower_leg 0.86,lower_leg ,1696.5,2195.5,,
upper_leg 0.90,upper_leg ,1683,389,,
joint 0.90,joint ,1814,1232,,
lower_leg 0.86,lower_leg ,1696.5,2195.5,,
upper_leg 0.90,upper_leg ,1683,389,,
joint 0.90,joint ,1814,1232.5,,
upper_leg 0.90,upper_leg ,1770.5,371,,
lower_leg 0.91,lower_leg ,1734.5,2137.5,,
joint 0.91,joint ,1933,1200,,
lower_leg 0.89,lower_leg ,1737.5,2112.5,,
joint 0.90,joint ,1978,1179.5,,
upper_leg 0.91,upper_leg ,1803,361.5,,
lower_leg 0.89,lower_leg ,1737.5,2112.5,,
joint 0.90,joint ,1978,1179.5,,
upper_leg 0.91,upper_leg ,1803,361.5,,
lower_leg 0.88,lower_leg ,1742,2037.5,,
upper_leg 0.91,upper_leg ,1878.5,358.5,,
joint 0.91,joint ,2115.5,1162.5,,
joint 0.90,joint ,2198.5,1150,,
lower_leg 0.90,lower_leg ,1732.5,1987.5,,
upper_leg 0.92,upper_leg ,1930,354,,
lower_leg 0.90,lower_leg ,1720.5,1929.5,,
joint 0.91,joint ,2253,1143.5,,
upper_leg 0.91,upper_leg ,1976.5,350.5,,
joint 0.88,joint ,2292,1140,,
lower_leg 0.90,lower_leg ,1693.5,1884.5,,
upper_leg 0.92,upper_leg ,2012.5,350.5,,
joint 0.88,joint ,2292,1140,,
lower_leg 0.90,lower_leg ,1693.5,1884.5,,
upper_leg 0.92,upper_leg ,2012.5,350.5,,
lower_leg 0.90,lower_leg ,1622,1811,,
joint 0.91,joint ,2315.5,1146,,
upper_leg 0.91,upper_leg ,2036,350.5,,
joint 0.90,joint ,2309,1154,,
lower_leg 0.90,lower_leg ,1588,1787.5,,
upper_leg 0.91,upper_leg ,2039,354,,
lower_leg 0.89,lower_leg ,1567,1765.5,,
joint 0.90,joint ,2308,1157,,
upper_leg 0.92,upper_leg ,2037.5,359.5,,
lower_leg 0.89,lower_leg ,1567,1765.5,,
joint 0.90,joint ,2308,1157,,
upper_leg 0.92,upper_leg ,2037.5,360.5,,
lower_leg 0.88,lower_leg ,1556,1697,,
upper_leg 0.90,upper_leg ,2058,349.5,,
joint 0.90,joint ,2331,1141.5,,
lower_leg 0.87,lower_leg ,1560,1664,,
joint 0.90,joint ,2350,1132,,
upper_leg 0.92,upper_leg ,2069,347,,
lower_leg 0.87,lower_leg ,1560,1664,,
joint 0.90,joint ,2350,1132,,
upper_leg 0.92,upper_leg ,2069,347,,
lower_leg 0.89,lower_leg ,1544,1610,,
joint 0.91,joint ,2364,1126.5,,
upper_leg 0.92,upper_leg ,2082.5,342.5,,
lower_leg 0.91,lower_leg ,1534,1580,,
upper_leg 0.91,upper_leg ,2089,341,,
joint 0.92,joint ,2373.5,1121,,
lower_leg 0.91,lower_leg ,1534,1580,,
upper_leg 0.91,upper_leg ,2089,341,,
joint 0.92,joint ,2373.5,1121,,
lower_leg 0.90,lower_leg ,1517,1535.5,,
upper_leg 0.91,upper_leg ,2100,333,,
joint 0.91,joint ,2381.5,1111,,
lower_leg 0.90,lower_leg ,1517.5,1535.5,,
upper_leg 0.91,upper_leg ,2100,333,,
joint 0.91,joint ,2381.5,1111,,
lower_leg 0.84,lower_leg ,1503,1503,,
upper_leg 0.91,upper_leg ,2089,327.5,,
joint 0.92,joint ,2376.5,1101.5,,
lower_leg 0.89,lower_leg ,1498.5,1474,,
upper_leg 0.91,upper_leg ,2085.5,318,,
joint 0.91,joint ,2381,1097.5,,
lower_leg 0.89,lower_leg ,1498.5,1474,,
upper_leg 0.91,upper_leg ,2085.5,318,,
joint 0.91,joint ,2381,1097.5,,
upper_leg 0.87,upper_leg ,2097,298,,
lower_leg 0.88,lower_leg ,1464,1365.5,,
joint 0.89,joint ,2373.5,1086,,
lower_leg 0.89,lower_leg ,1453,1378,,
joint 0.89,joint ,2362.5,1088.5,,
upper_leg 0.90,upper_leg ,2086,296.5,,
lower_leg 0.89,lower_leg ,1462.5,1423.5,,
joint 0.90,joint ,2358,1098.5,,
upper_leg 0.92,upper_leg ,2071.5,308,,
lower_leg 0.90,lower_leg ,1490.5,1459.5,,
joint 0.91,joint ,2371.5,1096,,
upper_leg 0.92,upper_leg ,2076.5,318,,
lower_leg 0.90,lower_leg ,1490.5,1459.5,,
joint 0.91,joint ,2371.5,1096,,
upper_leg 0.92,upper_leg ,2076.5,318,,
joint 0.86,joint ,2404.5,1097,,
upper_leg 0.90,upper_leg ,2098.5,322.5,,
lower_leg 0.91,lower_leg ,1577,1581.5,,
joint 0.88,joint ,2411,1103,,
lower_leg 0.91,lower_leg ,1623.5,1653.5,,
upper_leg 0.91,upper_leg ,2103.5,328.5,,
joint 0.88,joint ,2400,1107,,
lower_leg 0.90,lower_leg ,1667,1733,,
upper_leg 0.91,upper_leg ,2097,335.5,,
joint 0.88,joint ,2400,1107,,
lower_leg 0.90,lower_leg ,1667,1733,,
upper_leg 0.91,upper_leg ,2097,335.5,,
lower_leg 0.90,lower_leg ,1770.5,1872,,
joint 0.90,joint ,2387.5,1127.5,,
upper_leg 0.91,upper_leg ,2068.5,346.5,,
upper_leg 0.90,upper_leg ,2062.5,350.5,,
joint 0.90,joint ,2365.5,1137.5,,
lower_leg 0.91,lower_leg ,1828,1933,,
upper_leg 0.90,upper_leg ,2062.5,350.5,,
joint 0.90,joint ,2365.5,1137.5,,
lower_leg 0.91,lower_leg ,1828,1933,,
lower_leg 0.89,lower_leg ,1898.5,2039,,
joint 0.91,joint ,2320.5,1165.5,,
upper_leg 0.91,upper_leg ,2028,372,,
upper_leg 0.89,upper_leg ,1997,380.5,,
lower_leg 0.90,lower_leg ,1936,2093.5,,
joint 0.90,joint ,2276.5,1183,,
lower_leg 0.88,lower_leg ,1961,2128,,
upper_leg 0.90,upper_leg ,1961,396,,
joint 0.91,joint ,2228.5,1195,,
lower_leg 0.90,lower_leg ,1978,2150,,
joint 0.91,joint ,2189,1205.5,,
upper_leg 0.91,upper_leg ,1928,403.5,,
lower_leg 0.90,lower_leg ,1978,2150,,
joint 0.91,joint ,2189,1205.5,,
upper_leg 0.91,upper_leg ,1928,403.5,,
lower_leg 0.91,lower_leg ,1976.5,2178,,
upper_leg 0.92,upper_leg ,1875,412.5,,
joint 0.93,joint ,2137.5,1219.5,,
lower_leg 0.89,lower_leg ,1958,2184.5,,
joint 0.90,joint ,2112.5,1225,,
upper_leg 0.91,upper_leg ,1862.5,415,,
lower_leg 0.89,lower_leg ,1958,2184.5,,
joint 0.90,joint ,2112.5,1225,,
upper_leg 0.91,upper_leg ,1862.5,415,,
lower_leg 0.88,lower_leg ,1937.5,2192,,
joint 0.90,joint ,2083,1236.5,,
upper_leg 0.92,upper_leg ,1829.5,419,,
lower_leg 0.89,lower_leg ,1932.5,2198.5,,
joint 0.90,joint ,2073.5,1239,,
upper_leg 0.92,upper_leg ,1829.5,420,,
lower_leg 0.90,lower_leg ,1934.5,2204.5,,
joint 0.90,joint ,2065.5,1242,,
upper_leg 0.92,upper_leg ,1826.5,419.5,,
lower_leg 0.90,lower_leg ,1934.5,2204.5,,
joint 0.90,joint ,2065.5,1242,,
upper_leg 0.92,upper_leg ,1826.5,419.5,,
lower_leg 0.89,lower_leg ,1937.5,2214,,
joint 0.90,joint ,2065.5,1248.5,,
upper_leg 0.92,upper_leg ,1830,417.5,,
lower_leg 0.86,lower_leg ,1947,2215.5,,
upper_leg 0.91,upper_leg ,1845.5,416.5,,
joint 0.91,joint ,2084.5,1249,,
lower_leg 0.86,lower_leg ,1954.5,2217.5,,
joint 0.90,joint ,2103,1253.5,,
upper_leg 0.91,upper_leg ,1861,420.5,,
lower_leg 0.86,lower_leg ,1962.5,2217,,
joint 0.91,joint ,2111,1257,,
upper_leg 0.91,upper_leg ,1872,421.5,,
lower_leg 0.86,lower_leg ,1962.5,2217,,
joint 0.91,joint ,2111,1257,,
upper_leg 0.91,upper_leg ,1872,421.5,,
lower_leg 0.86,lower_leg ,1968.5,2206.5,,
upper_leg 0.91,upper_leg ,1897,428.5,,
joint 0.91,joint ,2139,1250,,
lower_leg 0.89,lower_leg ,1980,2200,,
joint 0.91,joint ,2156.5,1249,,
upper_leg 0.92,upper_leg ,1906,432.5,,
lower_leg 0.90,lower_leg ,1970,2187.5,,
joint 0.90,joint ,2164,1243.5,,
upper_leg 0.92,upper_leg ,1911,435,,
lower_leg 0.90,lower_leg ,1911,2156.5,,
joint 0.91,joint ,2176.5,1232,,
upper_leg 0.92,upper_leg ,1917,429.5,,
lower_leg 0.90,lower_leg ,1911,2156.5,,
joint 0.91,joint ,2176.5,1232,,
upper_leg 0.92,upper_leg ,1917,429.5,,
joint 0.86,joint ,2198.5,1205.5,,
lower_leg 0.90,lower_leg ,1780,2072,,
upper_leg 0.92,upper_leg ,1931.5,409.5,,
lower_leg 0.88,lower_leg ,1742,2023.5,,
upper_leg 0.91,upper_leg ,1953,404,,
joint 0.91,joint ,2225,1201.5,,
joint 0.89,joint ,2301.5,1186,,
upper_leg 0.89,upper_leg ,2009.5,395,,
lower_leg 0.90,lower_leg ,1692,1922,,
joint 0.90,joint ,2326.5,1183.5,,
lower_leg 0.91,lower_leg ,1679.5,1882.5,,
upper_leg 0.91,upper_leg ,2031,397.5,,
lower_leg 0.88,lower_leg ,1658,1839.5,,
joint 0.89,joint ,2347,1181.5,,
upper_leg 0.89,upper_leg ,2051.5,398,,
lower_leg 0.89,lower_leg ,1631,1789,,
upper_leg 0.90,upper_leg ,2065.5,399,,
joint 0.91,joint ,2365.5,1184.5,,
lower_leg 0.89,lower_leg ,1631,1789,,
upper_leg 0.90,upper_leg ,2065.5,399,,
joint 0.90,joint ,2365.5,1184.5,,
upper_leg 0.89,upper_leg ,2103,384.5,,
lower_leg 0.89,lower_leg ,1601,1667,,
joint 0.91,joint ,2409.5,1168.5,,
lower_leg 0.90,lower_leg ,1593.5,1631.5,,
joint 0.91,joint ,2420.5,1163.5,,
upper_leg 0.91,upper_leg ,2112.5,387,,
lower_leg 0.90,lower_leg ,1593.5,1631.5,,
joint 0.91,joint ,2420.5,1163.5,,
upper_leg 0.91,upper_leg ,2112.5,387,,
upper_leg 0.89,upper_leg ,2151.5,369.5,,
lower_leg 0.89,lower_leg ,1614,1558.5,,
joint 0.91,joint ,2465.5,1146,,
joint 0.90,joint ,2487.5,1137.5,,
upper_leg 0.91,upper_leg ,2170,363.5,,
lower_leg 0.91,lower_leg ,1617.5,1515,,
joint 0.90,joint ,2487.5,1137.5,,
upper_leg 0.91,upper_leg ,2170,363.5,,
lower_leg 0.91,lower_leg ,1617.5,1515,,
lower_leg 0.88,lower_leg ,1606.5,1429.5,,
joint 0.90,joint ,2500,1125,,
upper_leg 0.91,upper_leg ,2195,349,,
lower_leg 0.90,lower_leg ,1587,1398,,
joint 0.90,joint ,2489,1120.5,,
upper_leg 0.91,upper_leg ,2195,342.5,,
joint 0.90,joint ,2475,1121,,
lower_leg 0.90,lower_leg ,1572,1383.5,,
upper_leg 0.92,upper_leg ,2186,339.5,,
lower_leg 0.89,lower_leg ,1558.5,1376,,
joint 0.91,joint ,2469,1114,,
upper_leg 0.92,upper_leg ,2176.5,339,,
lower_leg 0.89,lower_leg ,1558.5,1376,,
joint 0.91,joint ,2469,1114,,
upper_leg 0.92,upper_leg ,2176.5,339,,
lower_leg 0.89,lower_leg ,1563.5,1418,,
joint 0.91,joint ,2460.5,1126,,
upper_leg 0.92,upper_leg ,2167,345,,
upper_leg 0.90,upper_leg ,2165.5,349.5,,
lower_leg 0.91,lower_leg ,1578,1473.5,,
joint 0.91,joint ,2464,1131,,
upper_leg 0.90,upper_leg ,2164,351,,
lower_leg 0.91,lower_leg ,1578,1473.5,,
joint 0.91,joint ,2464,1131,,
lower_leg 0.90,lower_leg ,1663.5,1628.5,,
upper_leg 0.90,upper_leg ,2154.5,358,,
joint 0.91,joint ,2472,1131,,
upper_leg 0.90,upper_leg ,2153,357.5,,
lower_leg 0.90,lower_leg ,1720.5,1712.5,,
joint 0.90,joint ,2478,1129.5,,
lower_leg 0.90,lower_leg ,1787.5,1815.5,,
joint 0.91,joint ,2464,1140,,
upper_leg 0.92,upper_leg ,2136,367.5,,
lower_leg 0.88,lower_leg ,1847,1911,,
joint 0.91,joint ,2447,1157,,
upper_leg 0.91,upper_leg ,2120.5,376,,
lower_leg 0.88,lower_leg ,1847,1911,,
joint 0.91,joint ,2447,1157,,
upper_leg 0.91,upper_leg ,2120.5,376,,
joint 0.90,joint ,2358,1194,,
upper_leg 0.91,upper_leg ,2061,402,,
lower_leg 0.91,lower_leg ,1936,2069,,
lower_leg 0.90,lower_leg ,1937.5,2134.5,,
joint 0.91,joint ,2298.5,1225,,
upper_leg 0.92,upper_leg ,2017,427,,
lower_leg 0.90,lower_leg ,1937.5,2134.5,,
joint 0.91,joint ,2298.5,1225,,
upper_leg 0.92,upper_leg ,2017,427,,
lower_leg 0.89,lower_leg ,1903.5,2164,,
joint 0.91,joint ,2212.5,1251,,
upper_leg 0.91,upper_leg ,1959.5,439.5,,
joint 0.90,joint ,2194,1251.5,,
lower_leg 0.91,lower_leg ,1886,2175,,
upper_leg 0.91,upper_leg ,1945,436.5,,
lower_leg 0.90,lower_leg ,1859.5,2187.5,,
joint 0.90,joint ,2145,1259,,
upper_leg 0.92,upper_leg ,1920.5,436.5,,
lower_leg 0.89,lower_leg ,1828,2204.5,,
upper_leg 0.91,upper_leg ,1892,436.5,,
joint 0.91,joint ,2102,1261.5,,
lower_leg 0.89,lower_leg ,1828,2204.5,,
upper_leg 0.91,upper_leg ,1892,436.5,,
joint 0.91,joint ,2102,1261.5,,
lower_leg 0.90,lower_leg ,1775,2225,,
joint 0.91,joint ,2001.5,1271,,
upper_leg 0.92,upper_leg ,1819,434,,
lower_leg 0.87,lower_leg ,1753,2230,,
joint 0.90,joint ,1953,1266.5,,
upper_leg 0.92,upper_leg ,1779.5,420,,
lower_leg 0.87,lower_leg ,1753,2230,,
joint 0.90,joint ,1953,1266.5,,
upper_leg 0.92,upper_leg ,1779.5,420,,
joint 0.90,joint ,1901.5,1269.5,,
lower_leg 0.91,lower_leg ,1733,2239,,
upper_leg 0.91,upper_leg ,1742,402.5,,
joint 0.90,joint ,1896.5,1273.5,,
lower_leg 0.91,lower_leg ,1734.5,2242,,
upper_leg 0.91,upper_leg ,1740.5,399,,
joint 0.91,joint ,1890.5,1274,,
lower_leg 0.91,lower_leg ,1734.5,2245,,
upper_leg 0.92,upper_leg ,1734.5,401.5,,
joint 0.89,joint ,1897,1273.5,,
lower_leg 0.91,lower_leg ,1736,2244,,
upper_leg 0.91,upper_leg ,1739,402,,
joint 0.89,joint ,1897,1273.5,,
lower_leg 0.91,lower_leg ,1736,2244,,
upper_leg 0.91,upper_leg ,1739,402,,
lower_leg 0.86,lower_leg ,1751.5,2230,,
joint 0.91,joint ,1901.5,1268,,
upper_leg 0.92,upper_leg ,1742,409.5,,
lower_leg 0.88,lower_leg ,1814,2195.5,,
upper_leg 0.90,upper_leg ,1787,409,,
joint 0.90,joint ,2001.5,1255.5,,
lower_leg 0.88,lower_leg ,1814,2195.5,,
upper_leg 0.90,upper_leg ,1787,409.5,,
joint 0.90,joint ,2001.5,1255.5,,
lower_leg 0.89,lower_leg ,2090.5,2145.5,,
joint 0.90,joint ,2212.5,1190.5,,
upper_leg 0.91,upper_leg ,1920.5,389.5,,
upper_leg 0.88,upper_leg ,1953,379.5,,
lower_leg 0.89,lower_leg ,2262.5,2117,,
joint 0.91,joint ,2280,1160,,
upper_leg 0.91,upper_leg ,2003,365,,
lower_leg 0.91,lower_leg ,2429.5,2070.5,,
joint 0.92,joint ,2373.5,1126,,
lower_leg 0.89,lower_leg ,2564,2034.5,,
joint 0.90,joint ,2460.5,1087,,
upper_leg 0.90,upper_leg ,2064,348,,
lower_leg 0.89,lower_leg ,2564,2034.5,,
joint 0.89,joint ,2460.5,1087,,
upper_leg 0.90,upper_leg ,2064,348,,
lower_leg 0.89,lower_leg ,2740.5,1992,,
joint 0.90,joint ,2565.5,1060.5,,
upper_leg 0.92,upper_leg ,2131.5,340.5,,
joint 0.90,joint ,2620,1041.5,,
lower_leg 0.90,lower_leg ,2822,1969,,
upper_leg 0.91,upper_leg ,2164,337.5,,
joint 0.90,joint ,2620,1041.5,,
lower_leg 0.90,lower_leg ,2822,1969,,
upper_leg 0.91,upper_leg ,2164,337.5,,
lower_leg 0.87,lower_leg ,2969,1915.5,,
joint 0.90,joint ,2715.5,1001.5,,
upper_leg 0.91,upper_leg ,2231,318,,
joint 0.89,joint ,2748.5,982.5,,
upper_leg 0.90,upper_leg ,2253,303.5,,
lower_leg 0.90,lower_leg ,3030,1890.5,,
joint 0.89,joint ,2748.5,982.5,,
upper_leg 0.90,upper_leg ,2253,303.5,,
lower_leg 0.90,lower_leg ,3030,1890.5,,
joint 0.90,joint ,2803,948.5,,
lower_leg 0.90,lower_leg ,3129,1837.5,,
upper_leg 0.91,upper_leg ,2286,285.5,,
lower_leg 0.87,lower_leg ,3170.5,1817,,
upper_leg 0.90,upper_leg ,2304.5,270,,
joint 0.90,joint ,2828,930.5,,
lower_leg 0.87,lower_leg ,3209.5,1795,,
joint 0.89,joint ,2843.5,915.5,,
upper_leg 0.91,upper_leg ,2317,262.5,,
lower_leg 0.87,lower_leg ,3209.5,1794,,
joint 0.89,joint ,2843.5,915.5,,
upper_leg 0.91,upper_leg ,2317,262.5,,
lower_leg 0.88,lower_leg ,3250,1783,,
upper_leg 0.90,upper_leg ,2336,261,,
joint 0.92,joint ,2868.5,903,,
lower_leg 0.88,lower_leg ,3244.5,1790.5,,
joint 0.90,joint ,2866,909.5,,
upper_leg 0.90,upper_leg ,2339,264.5,,
lower_leg 0.88,lower_leg ,3244.5,1790.5,,
upper_leg 0.90,upper_leg ,2339,264.5,,
joint 0.91,joint ,2866,909.5,,
lower_leg 0.89,lower_leg ,3214.5,1811,,
joint 0.90,joint ,2851.5,933,,
upper_leg 0.92,upper_leg ,2331,275,,
lower_leg 0.89,lower_leg ,3188,1825,,
upper_leg 0.91,upper_leg ,2320.5,283.5,,
joint 0.91,joint ,2836,944,,
lower_leg 0.89,lower_leg ,3188,1825,,
upper_leg 0.91,upper_leg ,2320.5,283.5,,
joint 0.91,joint ,2836,944,,
lower_leg 0.89,lower_leg ,3061,1901.5,,
joint 0.90,joint ,2754.5,999,,
upper_leg 0.90,upper_leg ,2269,312.5,,
lower_leg 0.88,lower_leg ,2975,1946.5,,
joint 0.88,joint ,2703,1029.5,,
upper_leg 0.92,upper_leg ,2234.5,339.5,,
lower_leg 0.88,lower_leg ,2975,1946.5,,
joint 0.88,joint ,2703,1029.5,,
upper_leg 0.92,upper_leg ,2234.5,339.5,,
joint 0.88,joint ,2605,1085.5,,
lower_leg 0.89,lower_leg ,2762.5,2033,,
upper_leg 0.90,upper_leg ,2184.5,358.5,,
lower_leg 0.89,lower_leg ,2650,2069,,
upper_leg 0.90,upper_leg ,2140.5,382,,
joint 0.93,joint ,2539,1112.5,,
lower_leg 0.89,lower_leg ,2650,2069,,
upper_leg 0.90,upper_leg ,2140.5,382,,
joint 0.93,joint ,2539,1112.5,,
upper_leg 0.89,upper_leg ,2050,395.5,,
lower_leg 0.89,lower_leg ,2411,2118.5,,
joint 0.90,joint ,2398.5,1151.5,,
upper_leg 0.87,upper_leg ,2006.5,396,,
lower_leg 0.88,lower_leg ,2265.5,2137.5,,
joint 0.91,joint ,2321.5,1163.5,,
upper_leg 0.87,upper_leg ,2006.5,396,,
lower_leg 0.88,lower_leg ,2265.5,2137.5,,
joint 0.91,joint ,2321.5,1163.5,,
lower_leg 0.91,lower_leg ,1887.5,2173.5,,
joint 0.92,joint ,2059.5,1208.5,,
upper_leg 0.92,upper_leg ,1825,409.5,,
joint 0.90,joint ,1986,1222.5,,
lower_leg 0.91,lower_leg ,1783,2184.5,,
upper_leg 0.92,upper_leg ,1770.5,414.5,,
joint 0.90,joint ,1912.5,1232,,
lower_leg 0.91,lower_leg ,1689.5,2190.5,,
upper_leg 0.92,upper_leg ,1725,418,,
lower_leg 0.89,lower_leg ,1631,2196.5,,
joint 0.90,joint ,1848.5,1244,,
upper_leg 0.91,upper_leg ,1677,423,,
lower_leg 0.89,lower_leg ,1631,2196.5,,
joint 0.90,joint ,1848.5,1244,,
upper_leg 0.91,upper_leg ,1677,423,,
lower_leg 0.89,lower_leg ,1601.5,2219,,
joint 0.89,joint ,1794,1254,,
upper_leg 0.92,upper_leg ,1630,420.5,,
lower_leg 0.90,lower_leg ,1582,2223.5,,
joint 0.91,joint ,1753,1260,,
upper_leg 0.91,upper_leg ,1606,419,,
lower_leg 0.90,lower_leg ,1582,2223.5,,
joint 0.91,joint ,1753,1260,,
upper_leg 0.91,upper_leg ,1606,419,,
upper_leg 0.89,upper_leg ,1604.5,408.5,,
joint 0.90,joint ,1748,1264.5,,
lower_leg 0.91,lower_leg ,1585,2234.5,,
lower_leg 0.90,lower_leg ,1592,2237.5,,
joint 0.90,joint ,1757.5,1267.5,,
upper_leg 0.91,upper_leg ,1613.5,409.5,,
lower_leg 0.90,lower_leg ,1598,2239,,
joint 0.91,joint ,1768.5,1265.5,,
upper_leg 0.91,upper_leg ,1625.5,407.5,,
lower_leg 0.89,lower_leg ,1602.5,2237.5,,
joint 0.90,joint ,1773.5,1266,,
upper_leg 0.91,upper_leg ,1633,407.5,,
joint 0.90,joint ,1786,1268,,
lower_leg 0.90,lower_leg ,1607.5,2239,,
upper_leg 0.91,upper_leg ,1641,409.5,,
joint 0.90,joint ,1786,1268,,
lower_leg 0.90,lower_leg ,1607.5,2239,,
upper_leg 0.91,upper_leg ,1641,409.5,,
lower_leg 0.90,lower_leg ,1619,2234.5,,
joint 0.90,joint ,1807.5,1268.5,,
upper_leg 0.91,upper_leg ,1664,414,,
joint 0.90,joint ,1818.5,1269,,
lower_leg 0.91,lower_leg ,1629.5,2230,,
upper_leg 0.91,upper_leg ,1668.5,419,,
joint 0.91,joint ,1818.5,1269,,
lower_leg 0.91,lower_leg ,1629.5,2230,,
upper_leg 0.91,upper_leg ,1668.5,419,,
lower_leg 0.88,lower_leg ,1712.5,2198.5,,
joint 0.92,joint ,1926.5,1251,,
upper_leg 0.92,upper_leg ,1733,427.5,,
lower_leg 0.90,lower_leg ,1867,2193.5,,
upper_leg 0.91,upper_leg ,1803.5,428,,
joint 0.91,joint ,2026.5,1244,,
lower_leg 0.90,lower_leg ,2045,2167,,
joint 0.91,joint ,2137.5,1220,,
upper_leg 0.91,upper_leg ,1861,424.5,,
lower_leg 0.88,lower_leg ,2253,2133,,
joint 0.90,joint ,2258,1179.5,,
upper_leg 0.91,upper_leg ,1940.5,403,,
lower_leg 0.88,lower_leg ,2253,2133,,
joint 0.90,joint ,2258,1179.5,,
upper_leg 0.91,upper_leg ,1940.5,403,,
lower_leg 0.87,lower_leg ,2654.5,2028,,
joint 0.89,joint ,2467.5,1091,,
upper_leg 0.90,upper_leg ,2067,359,,
lower_leg 0.90,lower_leg ,2818.5,1978,,
joint 0.91,joint ,2559.5,1058,,
upper_leg 0.91,upper_leg ,2126.5,341.5,,
lower_leg 0.90,lower_leg ,2818.5,1978,,
joint 0.91,joint ,2559.5,1058,,
upper_leg 0.91,upper_leg ,2126.5,341.5,,
lower_leg 0.90,lower_leg ,3045.5,1872,,
joint 0.90,joint ,2707.5,981,,
upper_leg 0.91,upper_leg ,2226.5,297.5,,
upper_leg 0.90,upper_leg ,2256.5,279.5,,
joint 0.91,joint ,2753,956,,
lower_leg 0.91,lower_leg ,3128,1831,,
lower_leg 0.86,lower_leg ,3192.5,1795,,
joint 0.89,joint ,2784.5,931,,
upper_leg 0.90,upper_leg ,2283,261,,
lower_leg 0.86,lower_leg ,3192.5,1795,,
joint 0.89,joint ,2784.5,931,,
upper_leg 0.90,upper_leg ,2283,261,,
lower_leg 0.86,lower_leg ,3289.5,1748,,
joint 0.90,joint ,2832.5,909.5,,
upper_leg 0.92,upper_leg ,2315.5,248,,
lower_leg 0.90,lower_leg ,3319.5,1733,,
joint 0.90,joint ,2855,893,,
upper_leg 0.91,upper_leg ,2329.5,242,,
joint 0.89,joint ,2861,894.5,,
lower_leg 0.91,lower_leg ,3331,1729.5,,
upper_leg 0.91,upper_leg ,2335.5,241.5,,
joint 0.90,joint ,2858,895.5,,
lower_leg 0.90,lower_leg ,3328,1736,,
upper_leg 0.91,upper_leg ,2342,244,,
joint 0.90,joint ,2858,895.5,,
lower_leg 0.90,lower_leg ,3328,1736,,
upper_leg 0.91,upper_leg ,2342,244,,
lower_leg 0.88,lower_leg ,3247,1790.5,,
joint 0.90,joint ,2823,936,,
upper_leg 0.91,upper_leg ,2322,261.5,,
lower_leg 0.88,lower_leg ,3163,1842,,
upper_leg 0.90,upper_leg ,2294,279,,
joint 0.91,joint ,2772,969.5,,
lower_leg 0.88,lower_leg ,3163,1842,,
upper_leg 0.90,upper_leg ,2294,279,,
joint 0.91,joint ,2772,969.5,,
lower_leg 0.90,lower_leg ,2920.5,1958,,
joint 0.91,joint ,2628.5,1050,,
upper_leg 0.92,upper_leg ,2209.5,328,,
lower_leg 0.89,lower_leg ,2750,2020.5,,
joint 0.90,joint ,2539.5,1083.5,,
upper_leg 0.91,upper_leg ,2156.5,343.5,,
lower_leg 0.89,lower_leg ,2750,2020.5,,
joint 0.89,joint ,2539.5,1083.5,,
upper_leg 0.91,upper_leg ,2156.5,343.5,,
lower_leg 0.89,lower_leg ,2351.5,2122,,
upper_leg 0.91,upper_leg ,2036,373.5,,
joint 0.92,joint ,2336,1152.5,,
lower_leg 0.88,lower_leg ,2164,2152,,
upper_leg 0.90,upper_leg ,1961,381,,
joint 0.90,joint ,2206,1182.5,,
joint 0.87,joint ,2098.5,1199,,
lower_leg 0.89,lower_leg ,2006,2167,,
upper_leg 0.90,upper_leg ,1889,389,,
joint 0.88,joint ,2006.5,1201,,
lower_leg 0.91,lower_leg ,1868.5,2176.5,,
upper_leg 0.91,upper_leg ,1832.5,391,,
lower_leg 0.90,lower_leg ,1745,2176.5,,
upper_leg 0.91,upper_leg ,1784.5,387.5,,
joint 0.92,joint ,1928,1207,,
lower_leg 0.90,lower_leg ,1745,2176.5,,
upper_leg 0.91,upper_leg ,1784.5,387.5,,
joint 0.92,joint ,1928,1207,,
lower_leg 0.89,lower_leg ,1616.5,2201.5,,
upper_leg 0.89,upper_leg ,1703,382.5,,
joint 0.90,joint ,1806,1228.5,,
lower_leg 0.87,lower_leg ,1599.5,2212.5,,
upper_leg 0.90,upper_leg ,1669,391,,
joint 0.91,joint ,1765.5,1244,,
lower_leg 0.87,lower_leg ,1599.5,2212.5,,
upper_leg 0.90,upper_leg ,1669,391,,
joint 0.91,joint ,1765.5,1244,,
lower_leg 0.88,lower_leg ,1568,2223.5,,
joint 0.91,joint ,1707.5,1243,,
upper_leg 0.91,upper_leg ,1624.5,381.5,,
lower_leg 0.87,lower_leg ,1564,2228,,
joint 0.90,joint ,1686,1246.5,,
upper_leg 0.91,upper_leg ,1613,370.5,,
lower_leg 0.86,lower_leg ,1559.5,2231,,
joint 0.90,joint ,1679.5,1246.5,,
upper_leg 0.91,upper_leg ,1612.5,362.5,,
lower_leg 0.87,lower_leg ,1555,2236,,
joint 0.91,joint ,1664,1247.5,,
upper_leg 0.91,upper_leg ,1608,355.5,,
lower_leg 0.86,lower_leg ,1553.5,2239,,
joint 0.91,joint ,1659.5,1247.5,,
upper_leg 0.92,upper_leg ,1614,348.5,,
lower_leg 0.86,lower_leg ,1553.5,2239,,
joint 0.91,joint ,1659.5,1247.5,,
upper_leg 0.92,upper_leg ,1614,348.5,,
lower_leg 0.87,lower_leg ,1556,2242.5,,
joint 0.91,joint ,1656.5,1249,,
upper_leg 0.92,upper_leg ,1626.5,339,,
lower_leg 0.87,lower_leg ,1563.5,2243.5,,
joint 0.91,joint ,1667,1249,,
upper_leg 0.92,upper_leg ,1641,336.5,,
lower_leg 0.87,lower_leg ,1563.5,2243.5,,
joint 0.91,joint ,1667,1249,,
upper_leg 0.92,upper_leg ,1641,336.5,,
lower_leg 0.88,lower_leg ,1568.5,2245,,
joint 0.90,joint ,1684,1248.5,,
upper_leg 0.92,upper_leg ,1667,333,,
lower_leg 0.88,lower_leg ,1577.5,2242,,
joint 0.89,joint ,1701,1244.5,,
upper_leg 0.92,upper_leg ,1678.5,333.5,,
lower_leg 0.88,lower_leg ,1577.5,2242,,
joint 0.89,joint ,1701,1244.5,,
upper_leg 0.92,upper_leg ,1678.5,333.5,,
lower_leg 0.88,lower_leg ,1573.5,2240.5,,
joint 0.89,joint ,1701.5,1242.5,,
upper_leg 0.91,upper_leg ,1685.5,333,,
lower_leg 0.88,lower_leg ,1576.5,2242,,
joint 0.90,joint ,1705,1244.5,,
upper_leg 0.91,upper_leg ,1685.5,334.5,,
lower_leg 0.89,lower_leg ,1582,2244,,
joint 0.91,joint ,1714,1248,,
upper_leg 0.91,upper_leg ,1697,337,,
lower_leg 0.89,lower_leg ,1582,2244,,
joint 0.91,joint ,1714,1248,,
upper_leg 0.91,upper_leg ,1697,337,,
lower_leg 0.89,lower_leg ,1601,2240.5,,
joint 0.91,joint ,1741.5,1251,,
upper_leg 0.92,upper_leg ,1720.5,344,,
lower_leg 0.89,lower_leg ,1606.5,2239,,
joint 0.91,joint ,1753,1252,,
upper_leg 0.92,upper_leg ,1725,348.5,,
lower_leg 0.89,lower_leg ,1606.5,2239,,
joint 0.91,joint ,1753,1252,,
upper_leg 0.91,upper_leg ,1725,348.5,,
lower_leg 0.88,lower_leg ,1679,2215.5,,
joint 0.91,joint ,1876.5,1251.5,,
upper_leg 0.91,upper_leg ,1775,371,,
joint 0.88,joint ,1995.5,1242.5,,
upper_leg 0.90,upper_leg ,1845,386.5,,
lower_leg 0.90,lower_leg ,1753.5,2178,,
joint 0.88,joint ,1995.5,1242.5,,
upper_leg 0.90,upper_leg ,1845,386.5,,
lower_leg 0.90,lower_leg ,1753.5,2178,,
lower_leg 0.88,lower_leg ,1839,1993.5,,
upper_leg 0.90,upper_leg ,2039,368,,
joint 0.91,joint ,2320.5,1171.5,,
lower_leg 0.90,lower_leg ,1823.5,1903,,
joint 0.91,joint ,2418.5,1153,,
upper_leg 0.91,upper_leg ,2125,358,,
lower_leg 0.90,lower_leg ,1800,1823.5,,
upper_leg 0.91,upper_leg ,2168.5,358,,
joint 0.91,joint ,2464,1144,,
joint 0.90,joint ,2550,1140.5,,
lower_leg 0.91,lower_leg ,1772,1689,,
upper_leg 0.92,upper_leg ,2237.5,370,,
joint 0.90,joint ,2550,1140.5,,
lower_leg 0.91,lower_leg ,1772,1689,,
upper_leg 0.92,upper_leg ,2237.5,370,,
joint 0.89,joint ,2598.5,1125,,
lower_leg 0.90,lower_leg ,1766,1590,,
upper_leg 0.90,upper_leg ,2275,359.5,,
lower_leg 0.88,lower_leg ,1756,1554,,
joint 0.90,joint ,2603.5,1104.5,,
upper_leg 0.90,upper_leg ,2286,347.5,,
lower_leg 0.88,lower_leg ,1756,1554,,
joint 0.90,joint ,2603,1104.5,,
upper_leg 0.90,upper_leg ,2286,347.5,,
joint 0.90,joint ,2625,1085,,
lower_leg 0.91,lower_leg ,1747,1465,,
upper_leg 0.91,upper_leg ,2287.5,333,,
lower_leg 0.88,lower_leg ,1756,1426.5,,
joint 0.90,joint ,2648.5,1072.5,,
upper_leg 0.91,upper_leg ,2306,320.5,,
joint 0.90,joint ,2667,1061.5,,
lower_leg 0.90,lower_leg ,1769,1386,,
upper_leg 0.92,upper_leg ,2320.5,307,,
joint 0.89,joint ,2683,1051.5,,
lower_leg 0.89,lower_leg ,1772,1352.5,,
upper_leg 0.91,upper_leg ,2339,296.5,,
lower_leg 0.89,lower_leg ,1770.5,1349.5,,
joint 0.89,joint ,2684.5,1051.5,,
upper_leg 0.90,upper_leg ,2343.5,294,,
lower_leg 0.89,lower_leg ,1770.5,1349.5,,
joint 0.89,joint ,2684.5,1051.5,,
upper_leg 0.90,upper_leg ,2343.5,294,,
joint 0.89,joint ,2692,1062.5,,
lower_leg 0.89,lower_leg ,1797,1416,,
upper_leg 0.91,upper_leg ,2343.5,304,,
joint 0.88,joint ,2698.5,1073,,
lower_leg 0.91,lower_leg ,1820.5,1482,,
upper_leg 0.91,upper_leg ,2345.5,314,,
joint 0.88,joint ,2698.5,1073,,
lower_leg 0.91,lower_leg ,1820.5,1482,,
upper_leg 0.91,upper_leg ,2345.5,314,,
lower_leg 0.88,lower_leg ,1858,1657.5,,
joint 0.90,joint ,2659.5,1103,,
upper_leg 0.92,upper_leg ,2317,343,,
joint 0.89,joint ,2609.5,1125,,
upper_leg 0.91,upper_leg ,2276.5,357,,
lower_leg 0.91,lower_leg ,1873.5,1775,,
joint 0.91,joint ,2550,1154,,
upper_leg 0.91,upper_leg ,2228,374.5,,
lower_leg 0.91,lower_leg ,1889,1876.5,,
joint 0.91,joint ,2550,1153.5,,
upper_leg 0.91,upper_leg ,2228,374.5,,
lower_leg 0.91,lower_leg ,1889,1876.5,,
lower_leg 0.90,lower_leg ,1914,2037.5,,
joint 0.91,joint ,2428,1199.5,,
upper_leg 0.92,upper_leg ,2129.5,408.5,,
lower_leg 0.90,lower_leg ,1916,2084,,
joint 0.92,joint ,2372,1207.5,,
upper_leg 0.92,upper_leg ,2081,423,,
lower_leg 0.86,lower_leg ,1901.5,2112.5,,
joint 0.91,joint ,2336,1225,,
upper_leg 0.91,upper_leg ,2058,424.5,,
lower_leg 0.88,lower_leg ,1876.5,2145,,
joint 0.89,joint ,2289,1245,,
upper_leg 0.92,upper_leg ,2033,434.5,,
lower_leg 0.91,lower_leg ,1848.5,2180,,
joint 0.91,joint ,2234.5,1264,,
upper_leg 0.91,upper_leg ,2000,440,,
lower_leg 0.90,lower_leg ,1848.5,2180,,
joint 0.91,joint ,2234.5,1264,,
upper_leg 0.91,upper_leg ,2000,440,,
lower_leg 0.87,lower_leg ,1778.5,2209.5,,
joint 0.91,joint ,2128,1265,,
upper_leg 0.92,upper_leg ,1919,431.5,,
lower_leg 0.88,lower_leg ,1745.5,2225,,
joint 0.90,joint ,2064,1270,,
upper_leg 0.91,upper_leg ,1872,416.5,,
lower_leg 0.88,lower_leg ,1745.5,2225,,
joint 0.90,joint ,2064,1270,,
upper_leg 0.91,upper_leg ,1872,416.5,,
lower_leg 0.90,lower_leg ,1685.5,2234,,
joint 0.91,joint ,1942,1260,,
upper_leg 0.91,upper_leg ,1784,385,,
lower_leg 0.87,lower_leg ,1650.5,2237.5,,
joint 0.91,joint ,1864,1257,,
upper_leg 0.91,upper_leg ,1731.5,369,,
lower_leg 0.87,lower_leg ,1650.5,2237.5,,
joint 0.91,joint ,1864,1257,,
upper_leg 0.91,upper_leg ,1731.5,369,,
lower_leg 0.88,lower_leg ,1568,2242,,
joint 0.91,joint ,1711,1245,,
upper_leg 0.92,upper_leg ,1622,344,,
lower_leg 0.90,lower_leg ,1538,2243.5,,
joint 0.91,joint ,1646.5,1246,,
upper_leg 0.92,upper_leg ,1569,337.5,,
joint 0.91,joint ,1625,1248.5,,
upper_leg 0.91,upper_leg ,1549.5,338,,
lower_leg 0.91,lower_leg ,1532.5,2247,,
joint 0.91,joint ,1625,1248.5,,
upper_leg 0.91,upper_leg ,1549.5,338,,
lower_leg 0.91,lower_leg ,1532.5,2247,,
joint 0.90,joint ,1605.5,1247.5,,
lower_leg 0.91,lower_leg ,1520,2251.5,,
upper_leg 0.91,upper_leg ,1551,336,,
joint 0.90,joint ,1599.5,1247.5,,
lower_leg 0.91,lower_leg ,1517.5,2251.5,,
upper_leg 0.91,upper_leg ,1549,335.5,,
joint 0.91,joint ,1609.5,1250,,
lower_leg 0.91,lower_leg ,1528.5,2250,,
upper_leg 0.92,upper_leg ,1563.5,333.5,,
joint 0.91,joint ,1628,1250.5,,
lower_leg 0.91,lower_leg ,1536.5,2250,,
upper_leg 0.91,upper_leg ,1586,335,,
joint 0.91,joint ,1629.5,1250.5,,
lower_leg 0.91,lower_leg ,1536.5,2250,,
upper_leg 0.91,upper_leg ,1586,335,,
lower_leg 0.88,lower_leg ,1569,2247,,
joint 0.91,joint ,1677,1246,,
upper_leg 0.92,upper_leg ,1616,338.5,,
lower_leg 0.89,lower_leg ,1594,2244,,
joint 0.90,joint ,1718,1248,,
upper_leg 0.91,upper_leg ,1646.5,341.5,,
joint 0.89,joint ,1782.5,1250,,
lower_leg 0.91,lower_leg ,1634,2236,,
upper_leg 0.91,upper_leg ,1687.5,344,,
lower_leg 0.86,lower_leg ,1649.5,2229.5,,
joint 0.91,joint ,1837.5,1249.5,,
upper_leg 0.91,upper_leg ,1734.5,355,,
lower_leg 0.89,lower_leg ,1675,2223.5,,
upper_leg 0.91,upper_leg ,1764,369,,
joint 0.91,joint ,1877,1252.5,,
lower_leg 0.89,lower_leg ,1675,2223.5,,
upper_leg 0.91,upper_leg ,1764,369,,
joint 0.91,joint ,1877,1252.5,,
joint 0.89,joint ,2086,1241.5,,
lower_leg 0.89,lower_leg ,1811,2168.5,,
upper_leg 0.89,upper_leg ,1901.5,390,,
lower_leg 0.88,lower_leg ,1870,2108,,
upper_leg 0.90,upper_leg ,1989,385,,
joint 0.92,joint ,2217.5,1206,,
lower_leg 0.88,lower_leg ,1870,2108,,
upper_leg 0.90,upper_leg ,1989,385,,
joint 0.92,joint ,2217.5,1206,,
lower_leg 0.90,lower_leg ,1870.5,1931,,
joint 0.91,joint ,2417,1144,,
upper_leg 0.92,upper_leg ,2123.5,352.5,,
joint 0.89,joint ,2500,1103,,
lower_leg 0.90,lower_leg ,1867,1822,,
upper_leg 0.92,upper_leg ,2197,338.5,,
joint 0.89,joint ,2500,1103,,
lower_leg 0.90,lower_leg ,1867,1822,,
upper_leg 0.92,upper_leg ,2197,338.5,,
lower_leg 0.89,lower_leg ,1875,1635,,
upper_leg 0.90,upper_leg ,2300,319.5,,
joint 0.90,joint ,2648.5,1061.5,,
lower_leg 0.88,lower_leg ,1867,1564.5,,
joint 0.90,joint ,2676.5,1043,,
upper_leg 0.91,upper_leg ,2320.5,301.5,,
lower_leg 0.89,lower_leg ,1850,1500.5,,
joint 0.91,joint ,2693.5,1022.5,,
upper_leg 0.92,upper_leg ,2326.5,291,,
lower_leg 0.89,lower_leg ,1850,1500.5,,
joint 0.91,joint ,2693.5,1022.5,,
upper_leg 0.92,upper_leg ,2326.5,291,,
joint 0.89,joint ,2711,997,,
lower_leg 0.90,lower_leg ,1828,1395,,
upper_leg 0.92,upper_leg ,2342,267,,
joint 0.90,joint ,2717.5,986.5,,
upper_leg 0.90,upper_leg ,2345,254.5,,
lower_leg 0.91,lower_leg ,1820.5,1358.5,,
upper_leg 0.90,upper_leg ,2353,248.5,,
joint 0.90,joint ,2721.5,981,,
lower_leg 0.90,lower_leg ,1822,1336,,
upper_leg 0.90,upper_leg ,2358,247,,
joint 0.90,joint ,2723.5,982,,
lower_leg 0.91,lower_leg ,1823.5,1341.5,,
upper_leg 0.90,upper_leg ,2353,257,,
joint 0.90,joint ,2719,993,,
lower_leg 0.91,lower_leg ,1832.5,1377,,
upper_leg 0.90,upper_leg ,2353,257,,
joint 0.90,joint ,2719,993,,
lower_leg 0.91,lower_leg ,1832.5,1377,,
joint 0.89,joint ,2704.5,1019.5,,
upper_leg 0.91,upper_leg ,2340.5,285,,
lower_leg 0.92,lower_leg ,1836,1448,,
joint 0.89,joint ,2692.5,1035.5,,
upper_leg 0.91,upper_leg ,2331,294,,
lower_leg 0.92,lower_leg ,1834.5,1476.5,,
joint 0.89,joint ,2692.5,1036,,
upper_leg 0.91,upper_leg ,2331,294,,
lower_leg 0.92,lower_leg ,1834.5,1476.5,,
lower_leg 0.88,lower_leg ,1853,1611,,
joint 0.89,joint ,2656,1072.5,,
upper_leg 0.91,upper_leg ,2306.5,323,,
joint 0.89,joint ,2650,1077,,
lower_leg 0.91,lower_leg ,1887.5,1670,,
upper_leg 0.92,upper_leg ,2286,336.5,,
joint 0.89,joint ,2647,1079.5,,
lower_leg 0.91,lower_leg ,1923.5,1726.5,,
upper_leg 0.92,upper_leg ,2278.5,337.5,,
joint 0.89,joint ,2647,1079.5,,
lower_leg 0.91,lower_leg ,1923.5,1726.5,,
upper_leg 0.92,upper_leg ,2278.5,337.5,,
lower_leg 0.89,lower_leg ,1989,1894,,
upper_leg 0.90,upper_leg ,2247,365,,
joint 0.90,joint ,2593.5,1120,,
lower_leg 0.89,lower_leg ,2003.5,1970.5,,
upper_leg 0.89,upper_leg ,2204.5,386.5,,
joint 0.91,joint ,2528,1157,,
lower_leg 0.89,lower_leg ,2003.5,1970.5,,
upper_leg 0.89,upper_leg ,2204.5,386.5,,
joint 0.91,joint ,2528,1157,,
lower_leg 0.90,lower_leg ,1989,2067,,
joint 0.91,joint ,2426.5,1192.5,,
upper_leg 0.92,upper_leg ,2131,420.5,,
lower_leg 0.89,lower_leg ,1979.5,2114,,
joint 0.91,joint ,2362.5,1209,,
upper_leg 0.92,upper_leg ,2082.5,434.5,,
lower_leg 0.89,lower_leg ,1979.5,2114,,
joint 0.91,joint ,2364,1209,,
upper_leg 0.92,upper_leg ,2082.5,434.5,,
lower_leg 0.89,lower_leg ,1934,2189,,
upper_leg 0.90,upper_leg ,1986,461,,
joint 0.91,joint ,2233,1261.5,,
lower_leg 0.89,lower_leg ,1920.5,2192,,
upper_leg 0.90,upper_leg ,1967,458,,
joint 0.91,joint ,2212.5,1261,,
lower_leg 0.89,lower_leg ,1920.5,2192,,
upper_leg 0.90,upper_leg ,1967,458,,
joint 0.91,joint ,2212.5,1261,,
lower_leg 0.85,lower_leg ,1897,2206,,
upper_leg 0.90,upper_leg ,1945.5,451.5,,
joint 0.90,joint ,2168.5,1267,,
lower_leg 0.87,lower_leg ,1878.5,2206.5,,
joint 0.90,joint ,2142,1267,,
upper_leg 0.92,upper_leg ,1923.5,446.5,,
lower_leg 0.85,lower_leg ,1869,2209.5,,
joint 0.91,joint ,2117,1263,,
upper_leg 0.92,upper_leg ,1906,436,,
lower_leg 0.86,lower_leg ,1859.5,2212.5,,
joint 0.89,joint ,2098.5,1260.5,,
upper_leg 0.90,upper_leg ,1895.5,425,,
lower_leg 0.86,lower_leg ,1850,2215.5,,
joint 0.90,joint ,2070.5,1255.5,,
upper_leg 0.92,upper_leg ,1875,414.5,,
lower_leg 0.86,lower_leg ,1850,2215.5,,
joint 0.90,joint ,2070.5,1255.5,,
upper_leg 0.92,upper_leg ,1875,414.5,,
upper_leg 0.89,upper_leg ,1845.5,388,,
lower_leg 0.90,lower_leg ,1818.5,2225,,
joint 0.90,joint ,2006,1251.5,,
lower_leg 0.89,lower_leg ,1793.5,2225,,
upper_leg 0.90,upper_leg ,1817,377.5,,
joint 0.91,joint ,1956.5,1252,,
lower_leg 0.89,lower_leg ,1793.5,2225,,
upper_leg 0.90,upper_leg ,1817,377.5,,
joint 0.91,joint ,1956.5,1252,,
lower_leg 0.86,lower_leg ,1761,2233,,
upper_leg 0.89,upper_leg ,1758,365,,
joint 0.90,joint ,1878.5,1246,,
lower_leg 0.87,lower_leg ,1748.5,2236,,
upper_leg 0.89,upper_leg ,1755,358,,
joint 0.91,joint ,1858,1251.5,,
lower_leg 0.90,lower_leg ,1737.5,2237.5,,
upper_leg 0.90,upper_leg ,1743.5,354.5,,
joint 0.91,joint ,1842.5,1251.5,,
lower_leg 0.90,lower_leg ,1725,2240.5,,
joint 0.91,joint ,1812.5,1250.5,,
upper_leg 0.92,upper_leg ,1729.5,349.5,,
lower_leg 0.90,lower_leg ,1725,2240.5,,
joint 0.91,joint ,1812.5,1250.5,,
upper_leg 0.92,upper_leg ,1729.5,349.5,,
lower_leg 0.88,lower_leg ,1698.5,2250,,
upper_leg 0.91,upper_leg ,1703.5,352.5,,
joint 0.91,joint ,1761,1256,,
lower_leg 0.88,lower_leg ,1698.5,2251.5,,
upper_leg 0.91,upper_leg ,1691,349,,
joint 0.91,joint ,1753,1259.5,,
lower_leg 0.88,lower_leg ,1698.5,2251.5,,
upper_leg 0.91,upper_leg ,1691,349,,
joint 0.91,joint ,1753,1259.5,,
joint 0.90,joint ,1782.5,1258.5,,
lower_leg 0.90,lower_leg ,1714.5,2250,,
upper_leg 0.92,upper_leg ,1710.5,351,,
joint 0.90,joint ,1781.5,1258,,
lower_leg 0.90,lower_leg ,1712.5,2248.5,,
upper_leg 0.92,upper_leg ,1719,350,,
joint 0.90,joint ,1781.5,1258,,
lower_leg 0.90,lower_leg ,1712.5,2248.5,,
upper_leg 0.92,upper_leg ,1719,350,,
lower_leg 0.91,lower_leg ,1731.5,2243.5,,
joint 0.91,joint ,1814,1254,,
upper_leg 0.91,upper_leg ,1742,349,,
upper_leg 0.91,upper_leg ,1762.5,347,,
lower_leg 0.91,lower_leg ,1732.5,2243.5,,
joint 0.91,joint ,1831,1251,,
lower_leg 0.90,lower_leg ,1717.5,2248.5,,
upper_leg 0.90,upper_leg ,1748.5,350,,
joint 0.91,joint ,1803,1253,,
lower_leg 0.90,lower_leg ,1719,2245.5,,
joint 0.90,joint ,1800,1254,,
upper_leg 0.91,upper_leg ,1734,348.5,,
lower_leg 0.90,lower_leg ,1719,2245.5,,
joint 0.90,joint ,1800,1254,,
upper_leg 0.91,upper_leg ,1734,348.5,,
lower_leg 0.90,lower_leg ,1723.5,2243.5,,
upper_leg 0.91,upper_leg ,1743.5,352,,
joint 0.91,joint ,1806.5,1255,,
upper_leg 0.90,upper_leg ,1756,351,,
lower_leg 0.91,lower_leg ,1731.5,2243.5,,
joint 0.91,joint ,1818.5,1254.5,,
upper_leg 0.91,upper_leg ,1764,350,,
lower_leg 0.91,lower_leg ,1733,2242,,
joint 0.91,joint ,1823.5,1255.5,,
upper_leg 0.90,upper_leg ,1766,350,,
lower_leg 0.91,lower_leg ,1734.5,2242,,
joint 0.91,joint ,1828,1249.5,,
upper_leg 0.90,upper_leg ,1766,350,,
lower_leg 0.91,lower_leg ,1734.5,2242,,
joint 0.91,joint ,1828,1249.5,,
upper_leg 0.90,upper_leg ,1755,353.5,,
lower_leg 0.91,lower_leg ,1728,2242,,
joint 0.91,joint ,1815.5,1253.5,,
upper_leg 0.90,upper_leg ,1747,355,,
lower_leg 0.90,lower_leg ,1726.5,2242,,
joint 0.91,joint ,1812.5,1253.5,,
upper_leg 0.90,upper_leg ,1747,355,,
lower_leg 0.90,lower_leg ,1726.5,2242,,
joint 0.91,joint ,1812.5,1253.5,,
lower_leg 0.90,lower_leg ,1717.5,2246.5,,
joint 0.90,joint ,1800,1253,,
upper_leg 0.91,upper_leg ,1727,354.5,,
joint 0.90,joint ,1795.5,1254.5,,
lower_leg 0.90,lower_leg ,1713.5,2246.5,,
upper_leg 0.91,upper_leg ,1722,357.5,,
joint 0.90,joint ,1780,1259.5,,
lower_leg 0.90,lower_leg ,1712.5,2247,,
upper_leg 0.91,upper_leg ,1713,358.5,,
joint 0.90,joint ,1780,1259.5,,
lower_leg 0.90,lower_leg ,1712.5,2247,,
upper_leg 0.91,upper_leg ,1713,358.5,,
joint 0.90,joint ,1783,1259.5,,
lower_leg 0.90,lower_leg ,1718,2245.5,,
upper_leg 0.91,upper_leg ,1706,358.5,,
joint 0.91,joint ,1809,1254.5,,
lower_leg 0.91,lower_leg ,1731.5,2243.5,,
upper_leg 0.91,upper_leg ,1723.5,357.5,,
joint 0.91,joint ,1818.5,1254.5,,
lower_leg 0.91,lower_leg ,1736,2242,,
upper_leg 0.92,upper_leg ,1731,354,,
lower_leg 0.89,lower_leg ,1739,2240.5,,
upper_leg 0.91,upper_leg ,1737,359.5,,
joint 0.91,joint ,1831.5,1255.5,,
lower_leg 0.86,lower_leg ,1754.5,2236,,
upper_leg 0.89,upper_leg ,1750,361.5,,
joint 0.91,joint ,1848.5,1254.5,,
lower_leg 0.86,lower_leg ,1754.5,2236,,
upper_leg 0.89,upper_leg ,1750,361.5,,
joint 0.91,joint ,1848.5,1254.5,,
lower_leg 0.88,lower_leg ,1786,2222,,
upper_leg 0.90,upper_leg ,1775,374.5,,
joint 0.90,joint ,1907.5,1250,,
lower_leg 0.85,lower_leg ,1798.5,2215.5,,
joint 0.90,joint ,1920,1246.5,,
upper_leg 0.92,upper_leg ,1781,381,,
lower_leg 0.85,lower_leg ,1798.5,2215.5,,
joint 0.90,joint ,1920,1246.5,,
upper_leg 0.92,upper_leg ,1781,381,,
lower_leg 0.89,lower_leg ,1917,2186,,
upper_leg 0.90,upper_leg ,1870.5,393,,
joint 0.90,joint ,2081.5,1235,,
upper_leg 0.91,upper_leg ,1942,398.5,,
lower_leg 0.91,lower_leg ,2072,2167,,
joint 0.93,joint ,2194,1218,,
upper_leg 0.91,upper_leg ,1942,398.5,,
lower_leg 0.91,lower_leg ,2072,2167,,
joint 0.93,joint ,2194,1218,,
lower_leg 0.88,lower_leg ,2462.5,2095,,
upper_leg 0.90,upper_leg ,2070,374,,
joint 0.91,joint ,2420.5,1150,,
lower_leg 0.91,lower_leg ,2636,2052,,
upper_leg 0.91,upper_leg ,2136,360.5,,
joint 0.92,joint ,2528,1107,,
lower_leg 0.90,lower_leg ,2779.5,2012.5,,
joint 0.90,joint ,2611,1081,,
upper_leg 0.91,upper_leg ,2195,348.5,,
joint 0.90,joint ,2611,1081,,
lower_leg 0.90,lower_leg ,2779.5,2012.5,,
upper_leg 0.91,upper_leg ,2195,348.5,,
lower_leg 0.90,lower_leg ,2978,1953,,
joint 0.90,joint ,2720,1047,,
upper_leg 0.91,upper_leg ,2264,339.5,,
joint 0.89,joint ,2746.5,1036,,
lower_leg 0.90,lower_leg ,3037.5,1936,,
upper_leg 0.91,upper_leg ,2279.5,338.5,,
joint 0.89,joint ,2746.5,1036,,
lower_leg 0.90,lower_leg ,3037.5,1936,,
upper_leg 0.91,upper_leg ,2279.5,338.5,,
lower_leg 0.89,lower_leg ,3120.5,1895,,
upper_leg 0.92,upper_leg ,2309.5,329.5,,
joint 0.92,joint ,2795.5,1008,,
lower_leg 0.88,lower_leg ,3166,1870.5,,
joint 0.91,joint ,2820.5,990,,
upper_leg 0.92,upper_leg ,2318.5,318.5,,
lower_leg 0.89,lower_leg ,3199.5,1852,,
joint 0.91,joint ,2838,976.5,,
upper_leg 0.91,upper_leg ,2333,305,,
lower_leg 0.89,lower_leg ,3199.5,1852,,
joint 0.91,joint ,2838,976.5,,
upper_leg 0.91,upper_leg ,2333,305,,
lower_leg 0.89,lower_leg ,3222,1844,,
upper_leg 0.90,upper_leg ,2344,297.5,,
joint 0.91,joint ,2848.5,971,,
lower_leg 0.90,lower_leg ,3228,1847,,
upper_leg 0.90,upper_leg ,2344,302,,
joint 0.91,joint ,2848.5,980.5,,
lower_leg 0.89,lower_leg ,3240,1844,,
joint 0.89,joint ,2858,982,,
upper_leg 0.90,upper_leg ,2353,303,,
lower_leg 0.86,lower_leg ,3254,1843.5,,
upper_leg 0.90,upper_leg ,2362.5,300,,
joint 0.92,joint ,2875,977,,
lower_leg 0.86,lower_leg ,3254,1843.5,,
upper_leg 0.90,upper_leg ,2362.5,300,,
joint 0.92,joint ,2875,977,,
lower_leg 0.84,lower_leg ,3246.5,1859.5,,
joint 0.90,joint ,2882.5,991.5,,
upper_leg 0.91,upper_leg ,2373.5,305,,
lower_leg 0.90,lower_leg ,3237.5,1871.5,,
upper_leg 0.91,upper_leg ,2370.5,311.5,,
joint 0.91,joint ,2870.5,994.5,,
lower_leg 0.90,lower_leg ,3237.5,1871.5,,
upper_leg 0.91,upper_leg ,2370.5,311.5,,
joint 0.91,joint ,2870.5,994.5,,
lower_leg 0.88,lower_leg ,3216,1892,,
joint 0.92,joint ,2856,1007,,
upper_leg 0.92,upper_leg ,2367.5,324,,
lower_leg 0.88,lower_leg ,3184,1905,,
upper_leg 0.92,upper_leg ,2362.5,327,,
joint 0.93,joint ,2848.5,1017,,
lower_leg 0.88,lower_leg ,3143.5,1928,,
joint 0.91,joint ,2828,1036,,
upper_leg 0.91,upper_leg ,2348.5,335.5,,
lower_leg 0.87,lower_leg ,2987.5,1997,,
upper_leg 0.90,upper_leg ,2293.5,355,,
joint 0.93,joint ,2737.5,1078.5,,
lower_leg 0.88,lower_leg ,2900,2032.5,,
upper_leg 0.89,upper_leg ,2253,373.5,,
joint 0.92,joint ,2665.5,1098.5,,
joint 0.89,joint ,2603,1128.5,,
upper_leg 0.90,upper_leg ,2209.5,385.5,,
lower_leg 0.90,lower_leg ,2820.5,2056,,
lower_leg 0.89,lower_leg ,2758,2081,,
upper_leg 0.90,upper_leg ,2172,398.5,,
joint 0.91,joint ,2559.5,1145,,
lower_leg 0.87,lower_leg ,2689,2097,,
upper_leg 0.90,upper_leg ,2156,403,,
joint 0.91,joint ,2539,1154,,
lower_leg 0.87,lower_leg ,2689,2097,,
upper_leg 0.90,upper_leg ,2156,403,,
joint 0.91,joint ,2539,1154,,
joint 0.89,joint ,2453,1174,,
lower_leg 0.90,lower_leg ,2470,2136,,
upper_leg 0.90,upper_leg ,2112.5,410.5,,
joint 0.90,joint ,2398.5,1180.5,,
lower_leg 0.91,lower_leg ,2328,2142,,
upper_leg 0.91,upper_leg ,2073.5,407.5,,
joint 0.90,joint ,2398.5,1180.5,,
lower_leg 0.91,lower_leg ,2328,2142,,
upper_leg 0.91,upper_leg ,2073.5,407.5,,
lower_leg 0.90,lower_leg ,2070.5,2164,,
joint 0.91,joint ,2237.5,1207.5,,
upper_leg 0.92,upper_leg ,1976.5,410.5,,
joint 0.91,joint ,2159,1211,,
lower_leg 0.91,lower_leg ,1975,2176.5,,
upper_leg 0.92,upper_leg ,1928,413,,
joint 0.89,joint ,2098.5,1223,,
lower_leg 0.91,lower_leg ,1893.5,2178,,
upper_leg 0.92,upper_leg ,1880,411,,
lower_leg 0.89,lower_leg ,1817,2187.5,,
upper_leg 0.90,upper_leg ,1840.5,403.5,,
joint 0.91,joint ,2036,1226,,
upper_leg 0.89,upper_leg ,1808,405,,
lower_leg 0.89,lower_leg ,1775,2197,,
joint 0.90,joint ,1979.5,1236,,
upper_leg 0.89,upper_leg ,1808,405.5,,
lower_leg 0.89,lower_leg ,1775,2197,,
joint 0.90,joint ,1979.5,1236,,
lower_leg 0.87,lower_leg ,1750,2214,,
upper_leg 0.90,upper_leg ,1767,392,,
joint 0.91,joint ,1931,1245.5,,
upper_leg 0.89,upper_leg ,1745.5,386.5,,
lower_leg 0.89,lower_leg ,1736,2225,,
joint 0.89,joint ,1897,1241.5,,
upper_leg 0.89,upper_leg ,1745.5,386.5,,
lower_leg 0.89,lower_leg ,1736,2225,,
joint 0.89,joint ,1898.5,1241.5,,
lower_leg 0.90,lower_leg ,1717.5,2229.5,,
joint 0.91,joint ,1842.5,1244.5,,
upper_leg 0.92,upper_leg ,1729.5,366,,
lower_leg 0.89,lower_leg ,1709,2229.5,,
joint 0.91,joint ,1823.5,1242.5,,
upper_leg 0.91,upper_leg ,1728,357,,
lower_leg 0.89,lower_leg ,1709,2229.5,,
joint 0.91,joint ,1823.5,1242.5,,
upper_leg 0.91,upper_leg ,1728,357,,
lower_leg 0.89,lower_leg ,1713.5,2231,,
joint 0.91,joint ,1825,1240,,
upper_leg 0.91,upper_leg ,1740.5,345,,
lower_leg 0.89,lower_leg ,1717.5,2231,,
joint 0.91,joint ,1831.5,1239,,
upper_leg 0.91,upper_leg ,1750,343,,
lower_leg 0.89,lower_leg ,1717.5,2233,,
joint 0.91,joint ,1833,1240,,
upper_leg 0.91,upper_leg ,1756,339,,
lower_leg 0.89,lower_leg ,1717.5,2233,,
joint 0.91,joint ,1833,1239,,
upper_leg 0.91,upper_leg ,1756,339,,
lower_leg 0.89,lower_leg ,1714,2234.5,,
joint 0.91,joint ,1830,1235.5,,
upper_leg 0.91,upper_leg ,1750,334,,
lower_leg 0.89,lower_leg ,1714,2237.5,,
joint 0.91,joint ,1830,1238,,
upper_leg 0.92,upper_leg ,1748.5,331,,
lower_leg 0.89,lower_leg ,1714,2237.5,,
joint 0.91,joint ,1830,1238,,
upper_leg 0.92,upper_leg ,1748.5,331,,
lower_leg 0.90,lower_leg ,1720.5,2251.5,,
joint 0.91,joint ,1839,1251,,
upper_leg 0.92,upper_leg ,1753,329.5,,
lower_leg 0.90,lower_leg ,1726.5,2258,,
joint 0.91,joint ,1851.5,1259.5,,
upper_leg 0.91,upper_leg ,1762.5,334.5,,
joint 0.90,joint ,1853,1264,,
lower_leg 0.90,lower_leg ,1725,2262.5,,
upper_leg 0.92,upper_leg ,1761,335.5,,
lower_leg 0.90,lower_leg ,1718.5,2265.5,,
upper_leg 0.91,upper_leg ,1750,335.5,,
joint 0.92,joint ,1848.5,1260,,
lower_leg 0.90,lower_leg ,1717.5,2265.5,,
upper_leg 0.91,upper_leg ,1750,333.5,,
joint 0.92,joint ,1848.5,1258.5,,
lower_leg 0.90,lower_leg ,1717.5,2265.5,,
upper_leg 0.91,upper_leg ,1750,333.5,,
joint 0.92,joint ,1848.5,1258.5,,
joint 0.90,joint ,1869,1257.5,,
lower_leg 0.91,lower_leg ,1734.5,2259.5,,
upper_leg 0.92,upper_leg ,1784,335.5,,
lower_leg 0.88,lower_leg ,1748.5,2254.5,,
joint 0.90,joint ,1903,1260,,
upper_leg 0.92,upper_leg ,1823.5,339.5,,
lower_leg 0.87,lower_leg ,1764,2243.5,,
upper_leg 0.92,upper_leg ,1871.5,344.5,,
joint 0.92,joint ,1936,1257,,
lower_leg 0.87,lower_leg ,1764,2243.5,,
upper_leg 0.92,upper_leg ,1871.5,344.5,,
joint 0.92,joint ,1936,1257,,
lower_leg 0.85,lower_leg ,1892,2200,,
joint 0.91,joint ,2126.5,1251,,
upper_leg 0.92,upper_leg ,2025,353,,
lower_leg 0.88,lower_leg ,2046.5,2146.5,,
joint 0.89,joint ,2348.5,1235,,
upper_leg 0.91,upper_leg ,2196.5,355,,
lower_leg 0.88,lower_leg ,2046.5,2146.5,,
joint 0.89,joint ,2348.5,1235.5,,
upper_leg 0.91,upper_leg ,2196.5,355,,
upper_leg 0.90,upper_leg ,2484,308.5,,
lower_leg 0.90,lower_leg ,2576.5,2121.5,,
joint 0.93,joint ,2729.5,1154,,
lower_leg 0.86,lower_leg ,2806,2100,,
upper_leg 0.90,upper_leg ,2587.5,285,,
joint 0.92,joint ,2867,1122,,
lower_leg 0.86,lower_leg ,2806,2098.5,,
upper_leg 0.90,upper_leg ,2587.5,285,,
joint 0.92,joint ,2867,1122,,
upper_leg 0.90,upper_leg ,2751.5,262,,
joint 0.91,joint ,3064,1090,,
lower_leg 0.91,lower_leg ,3036,2062.5,,
lower_leg 0.90,lower_leg ,3122,2056.5,,
upper_leg 0.91,upper_leg ,2800,256,,
joint 0.94,joint ,3124.5,1075,,
lower_leg 0.89,lower_leg ,3167.5,2062.5,,
upper_leg 0.91,upper_leg ,2842,253,,
joint 0.93,joint ,3173.5,1075,,
lower_leg 0.88,lower_leg ,3200.5,2087.5,,
joint 0.90,joint ,3202.5,1096,,
upper_leg 0.90,upper_leg ,2889,258.5,,
lower_leg 0.88,lower_leg ,3200.5,2087.5,,
joint 0.90,joint ,3202.5,1096,,
upper_leg 0.90,upper_leg ,2889,258.5,,
upper_leg 0.90,upper_leg ,2950,291.5,,
lower_leg 0.91,lower_leg ,3233.5,2123.5,,
joint 0.91,joint ,3252.5,1132,,
upper_leg 0.88,upper_leg ,3002,292.5,,
joint 0.89,joint ,3297,1141,,
lower_leg 0.90,lower_leg ,3268,2139,,
lower_leg 0.89,lower_leg ,3311.5,2142,,
upper_leg 0.90,upper_leg ,3063,293,,
joint 0.91,joint ,3350,1150,,
lower_leg 0.88,lower_leg ,3350,2143.5,,
upper_leg 0.91,upper_leg ,3141.5,291.5,,
joint 0.92,joint ,3428,1149,,
lower_leg 0.88,lower_leg ,3362.5,2148.5,,
joint 0.90,joint ,3456.5,1157,,
upper_leg 0.91,upper_leg ,3215,278.5,,
lower_leg 0.88,lower_leg ,3359.5,2148.5,,
joint 0.90,joint ,3456.5,1157,,
upper_leg 0.91,upper_leg ,3215,278.5,,
joint 0.89,joint ,3496.5,1155.5,,
lower_leg 0.89,lower_leg ,3378,2153,,
upper_leg 0.91,upper_leg ,3290.5,256,,
lower_leg 0.89,lower_leg ,3397,2161,,
joint 0.90,joint ,3512.5,1161,,
upper_leg 0.91,upper_leg ,3334,256.5,,
lower_leg 0.89,lower_leg ,3397,2161,,
joint 0.90,joint ,3512.5,1161,,
upper_leg 0.91,upper_leg ,3334,256.5,,
joint 0.90,joint ,3500,1164,,
lower_leg 0.90,lower_leg ,3381,2176.5,,
upper_leg 0.92,upper_leg ,3356,243,,
joint 0.89,joint ,3496.5,1165.5,,
lower_leg 0.91,lower_leg ,3378,2179.5,,
upper_leg 0.92,upper_leg ,3356,241,,
joint 0.89,joint ,3496.5,1165.5,,
lower_leg 0.91,lower_leg ,3378,2179.5,,
upper_leg 0.92,upper_leg ,3356,241,,
lower_leg 0.88,lower_leg ,3403,2181.5,,
joint 0.90,joint ,3521.5,1168.5,,
upper_leg 0.92,upper_leg ,3390.5,237.5,,
joint 0.88,joint ,3540.5,1170.5,,
lower_leg 0.89,lower_leg ,3413,2181,,
upper_leg 0.92,upper_leg ,3419,240,,
joint 0.88,joint ,3543.5,1167,,
lower_leg 0.88,lower_leg ,3406,2173.5,,
upper_leg 0.93,upper_leg ,3437,237,,
joint 0.88,joint ,3543.5,1167,,
lower_leg 0.88,lower_leg ,3406,2173.5,,
upper_leg 0.93,upper_leg ,3437,237,,
lower_leg 0.88,lower_leg ,3403,2167,,
joint 0.89,joint ,3543.5,1161.5,,
upper_leg 0.93,upper_leg ,3447,231.5,,
lower_leg 0.88,lower_leg ,3403,2165.5,,
joint 0.90,joint ,3540.5,1162.5,,
upper_leg 0.92,upper_leg ,3440.5,233,,
lower_leg 0.88,lower_leg ,3400,2170.5,,
joint 0.90,joint ,3537.5,1165,,
upper_leg 0.92,upper_leg ,3434,236.5,,
lower_leg 0.89,lower_leg ,3391,2175,,
joint 0.91,joint ,3519,1162,,
upper_leg 0.92,upper_leg ,3406,240.5,,
lower_leg 0.89,lower_leg ,3391,2175,,
joint 0.91,joint ,3519,1162,,
upper_leg 0.92,upper_leg ,3406,240.5,,
joint 0.89,joint ,3487.5,1167,,
lower_leg 0.91,lower_leg ,3375,2178,,
upper_leg 0.91,upper_leg ,3350,250,,
joint 0.89,joint ,3462.5,1169.5,,
lower_leg 0.90,lower_leg ,3362.5,2178,,
upper_leg 0.92,upper_leg ,3328,252,,
lower_leg 0.90,lower_leg ,3350,2176.5,,
joint 0.91,joint ,3437.5,1163.5,,
upper_leg 0.91,upper_leg ,3301,252,,
joint 0.89,joint ,3381.5,1162,,
upper_leg 0.91,upper_leg ,3250,251.5,,
lower_leg 0.91,lower_leg ,3328,2172,,
joint 0.89,joint ,3287.5,1161.5,,
lower_leg 0.90,lower_leg ,3274.5,2170.5,,
upper_leg 0.91,upper_leg ,3110,264.5,,
lower_leg 0.87,lower_leg ,3255.5,2167,,
upper_leg 0.90,upper_leg ,3050,275.5,,
joint 0.90,joint ,3246,1164,,
lower_leg 0.87,lower_leg ,3255.5,2167,,
upper_leg 0.90,upper_leg ,3050,275.5,,
joint 0.90,joint ,3246,1164,,
lower_leg 0.90,lower_leg ,3216,2164,,
joint 0.90,joint ,3159.5,1169.5,,
upper_leg 0.91,upper_leg ,2915.5,306,,
lower_leg 0.90,lower_leg ,3176.5,2154.5,,
upper_leg 0.92,upper_leg ,2847,321.5,,
joint 0.93,joint ,3112.5,1169,,
lower_leg 0.91,lower_leg ,3134.5,2147,,
joint 0.91,joint ,3055,1167,,
upper_leg 0.92,upper_leg ,2770.5,329,,
lower_leg 0.89,lower_leg ,3114,2129.5,,
upper_leg 0.92,upper_leg ,2720.5,331,,
joint 0.92,joint ,3034.5,1149,,
lower_leg 0.89,lower_leg ,3114,2129.5,,
upper_leg 0.92,upper_leg ,2720.5,331,,
joint 0.92,joint ,3034.5,1149,,
lower_leg 0.89,lower_leg ,2762.5,2109.5,,
joint 0.90,joint ,2961,1142,,
upper_leg 0.91,upper_leg ,2664,316.5,,
lower_leg 0.90,lower_leg ,2432.5,2075,,
upper_leg 0.91,upper_leg ,2581,324,,
joint 0.93,joint ,2817,1150.5,,
lower_leg 0.89,lower_leg ,2078,2023,,
upper_leg 0.91,upper_leg ,2464,327,,
joint 0.93,joint ,2645.5,1178,,
lower_leg 0.88,lower_leg ,1804.5,1987,,
upper_leg 0.92,upper_leg ,2325,327,,
joint 0.93,joint ,2436,1186,,
lower_leg 0.89,lower_leg ,1637,2016,,
joint 0.90,joint ,2242.5,1187.5,,
upper_leg 0.92,upper_leg ,2170.5,320,,
lower_leg 0.89,lower_leg ,1637,2016,,
joint 0.90,joint ,2242.5,1187.5,,
upper_leg 0.92,upper_leg ,2170.5,320,,
lower_leg 0.86,lower_leg ,1503.5,2089,,
upper_leg 0.92,upper_leg ,1964,320.5,,
joint 0.92,joint ,2009.5,1204,,
lower_leg 0.88,lower_leg ,1446,2116,,
upper_leg 0.90,upper_leg ,1892.5,314.5,,
joint 0.92,joint ,1942.5,1214.5,,
lower_leg 0.88,lower_leg ,1446,2116,,
upper_leg 0.90,upper_leg ,1892.5,314.5,,
joint 0.92,joint ,1942.5,1214.5,,
joint 0.90,joint ,1699,1226,,
upper_leg 0.91,upper_leg ,1711,310.5,,
lower_leg 0.91,lower_leg ,1300,2173.5,,
lower_leg 0.89,lower_leg ,1241.5,2194,,
joint 0.90,joint ,1592,1230.5,,
upper_leg 0.91,upper_leg ,1616,307.5,,
lower_leg 0.89,lower_leg ,1241.5,2194,,
joint 0.90,joint ,1592,1230.5,,
upper_leg 0.91,upper_leg ,1616,307.5,,
upper_leg 0.87,upper_leg ,1496.5,303,,
lower_leg 0.89,lower_leg ,1170.5,2223,,
joint 0.91,joint ,1472.5,1242.5,,
joint 0.90,joint ,1403.5,1244.5,,
lower_leg 0.91,lower_leg ,1131.5,2237,,
upper_leg 0.92,upper_leg ,1432.5,308.5,,
lower_leg 0.90,lower_leg ,1110,2251.5,,
joint 0.91,joint ,1347.5,1254.5,,
upper_leg 0.91,upper_leg ,1373.5,309.5,,
lower_leg 0.88,lower_leg ,1093,2259.5,,
joint 0.91,joint ,1321.5,1262,,
upper_leg 0.93,upper_leg ,1336.5,314.5,,
lower_leg 0.88,lower_leg ,1093,2259.5,,
joint 0.91,joint ,1321.5,1262,,
upper_leg 0.93,upper_leg ,1336.5,314.5,,
joint 0.89,joint ,1291.5,1265.5,,
upper_leg 0.91,upper_leg ,1278,313,,
lower_leg 0.91,lower_leg ,1078,2275,,
joint 0.90,joint ,1279.5,1270,,
lower_leg 0.90,lower_leg ,1069.5,2280,,
upper_leg 0.92,upper_leg ,1256,321,,
lower_leg 0.31,lower_leg ,605.5,2961,,
lower_leg 0.89,lower_leg ,1042,2287,,
joint 0.90,joint ,1235,1274.5,,
upper_leg 0.91,upper_leg ,1209,327,,
joint 0.90,joint ,1181,1273,,
lower_leg 0.90,lower_leg ,1020.5,2291,,
upper_leg 0.92,upper_leg ,1144,325.5,,
joint 0.90,joint ,1181,1273,,
lower_leg 0.90,lower_leg ,1020.5,2291,,
upper_leg 0.92,upper_leg ,1144,325.5,,
lower_leg 0.90,lower_leg ,982,2291,,
joint 0.90,joint ,1109.5,1270,,
upper_leg 0.92,upper_leg ,1053,330,,
joint 0.90,joint ,1079.5,1272.5,,
lower_leg 0.90,lower_leg ,971.5,2291,,
upper_leg 0.92,upper_leg ,1020.5,335,,
joint 0.90,joint ,1078,1273,,
lower_leg 0.91,lower_leg ,972.5,2287,,
upper_leg 0.92,upper_leg ,1010,336.5,,
joint 0.90,joint ,1078,1273,,
lower_leg 0.91,lower_leg ,972.5,2287,,
upper_leg 0.92,upper_leg ,1010,336.5,,
lower_leg 0.91,lower_leg ,973.5,2275,,
upper_leg 0.92,upper_leg ,1014,336.5,,
joint 0.92,joint ,1076.5,1261,,
lower_leg 0.90,lower_leg ,981,2267.5,,
joint 0.91,joint ,1089.5,1260.5,,
upper_leg 0.92,upper_leg ,1022,340.5,,
lower_leg 0.90,lower_leg ,992,2261,,
joint 0.91,joint ,1110.5,1258.5,,
upper_leg 0.92,upper_leg ,1039,344.5,,
lower_leg 0.89,lower_leg ,998,2256.5,,
upper_leg 0.90,upper_leg ,1053.5,350,,
joint 0.91,joint ,1119,1256.5,,
lower_leg 0.89,lower_leg ,998,2256.5,,
upper_leg 0.90,upper_leg ,1053.5,350,,
joint 0.91,joint ,1119,1256.5,,
lower_leg 0.89,lower_leg ,994.5,2247,,
joint 0.90,joint ,1122,1248,,
upper_leg 0.90,upper_leg ,1062,347,,
lower_leg 0.89,lower_leg ,995.5,2250,,
upper_leg 0.90,upper_leg ,1061,350.5,,
joint 0.91,joint ,1120.5,1250,,
lower_leg 0.89,lower_leg ,998.5,2256.5,,
upper_leg 0.90,upper_leg ,1066.5,353.5,,
joint 0.92,joint ,1125.5,1250,,
lower_leg 0.89,lower_leg ,998.5,2256.5,,
upper_leg 0.90,upper_leg ,1066,353.5,,
joint 0.92,joint ,1125.5,1250,,
lower_leg 0.91,lower_leg ,1021,2247,,
upper_leg 0.91,upper_leg ,1101.5,362,,
joint 0.91,joint ,1164.5,1257,,
lower_leg 0.87,lower_leg ,1055.5,2239,,
joint 0.91,joint ,1212,1256.5,,
upper_leg 0.91,upper_leg ,1119,369,,
lower_leg 0.89,lower_leg ,1148,2203,,
joint 0.90,joint ,1352,1249,,
upper_leg 0.91,upper_leg ,1188.5,377,,
lower_leg 0.90,lower_leg ,1293,2155,,
upper_leg 0.91,upper_leg ,1309.5,370.5,,
joint 0.92,joint ,1545,1209.5,,
lower_leg 0.89,lower_leg ,1468,2145.5,,
joint 0.89,joint ,1660.5,1187,,
upper_leg 0.91,upper_leg ,1399,358,,
lower_leg 0.89,lower_leg ,1468,2145.5,,
joint 0.89,joint ,1660.5,1187,,
upper_leg 0.91,upper_leg ,1399,358,,
lower_leg 0.91,lower_leg ,1731.5,2123.5,,
upper_leg 0.91,upper_leg ,1482.5,345,,
joint 0.91,joint ,1808,1147,,
lower_leg 0.89,lower_leg ,1814.5,2089,,
upper_leg 0.92,upper_leg ,1530.5,336.5,,
joint 0.94,joint ,1879.5,1121,,
lower_leg 0.89,lower_leg ,1814.5,2089,,
upper_leg 0.92,upper_leg ,1530.5,336.5,,
joint 0.94,joint ,1879.5,1121,,
lower_leg 0.90,lower_leg ,1975,2053,,
upper_leg 0.90,upper_leg ,1613.5,301,,
joint 0.91,joint ,2003.5,1076,,
lower_leg 0.88,lower_leg ,2051.5,2062.5,,
upper_leg 0.92,upper_leg ,1626.5,309,,
joint 0.92,joint ,2023.5,1082,,
lower_leg 0.88,lower_leg ,2051.5,2062.5,,
upper_leg 0.92,upper_leg ,1626.5,309,,
joint 0.92,joint ,2023.5,1082,,
joint 0.90,joint ,2051.5,1098,,
lower_leg 0.90,lower_leg ,2139,2072,,
upper_leg 0.91,upper_leg ,1656.5,321,,
joint 0.90,joint ,2067,1100.5,,
lower_leg 0.90,lower_leg ,2171.5,2084,,
upper_leg 0.91,upper_leg ,1670,324.5,,
lower_leg 0.89,lower_leg ,2182.5,2103,,
joint 0.90,joint ,2084.5,1115.5,,
upper_leg 0.91,upper_leg ,1695.5,335,,
lower_leg 0.89,lower_leg ,2182.5,2103,,
joint 0.90,joint ,2084.5,1115.5,,
upper_leg 0.91,upper_leg ,1695.5,335,,
lower_leg 0.89,lower_leg ,2204.5,2151.5,,
joint 0.90,joint ,2092,1165.5,,
upper_leg 0.91,upper_leg ,1722,365,,
upper_leg 0.89,upper_leg ,1759.5,366.5,,
joint 0.90,joint ,2119,1179,,
lower_leg 0.90,lower_leg ,2228,2172,,
upper_leg 0.89,upper_leg ,1759.5,366.5,,
joint 0.90,joint ,2119,1179,,
lower_leg 0.90,lower_leg ,2228,2172,,
lower_leg 0.88,lower_leg ,2311,2197,,
joint 0.90,joint ,2220,1204,,
upper_leg 0.91,upper_leg ,1869,372,,
joint 0.87,joint ,2300,1199,,
lower_leg 0.89,lower_leg ,2358,2198.5,,
upper_leg 0.90,upper_leg ,1957.5,365.5,,
joint 0.87,joint ,2300,1199,,
lower_leg 0.89,lower_leg ,2358,2198.5,,
upper_leg 0.90,upper_leg ,1957.5,365.5,,
lower_leg 0.87,lower_leg ,2450,2201.5,,
joint 0.91,joint ,2445.5,1200,,
upper_leg 0.92,upper_leg ,2132.5,342.5,,
lower_leg 0.85,lower_leg ,2481,2200,,
joint 0.91,joint ,2501.5,1200.5,,
upper_leg 0.92,upper_leg ,2219,331,,
joint 0.49,joint ,2096.5,2944,,
lower_leg 0.88,lower_leg ,2509,2201.5,,
upper_leg 0.89,upper_leg ,2290.5,310.5,,
joint 0.89,joint ,2564.5,1196,,
joint 0.49,joint ,2096.5,2944,,
lower_leg 0.88,lower_leg ,2509,2201.5,,
upper_leg 0.89,upper_leg ,2290.5,310.5,,
joint 0.89,joint ,2564.5,1196,,
joint 0.29,joint ,2076.5,2942.5,,
lower_leg 0.87,lower_leg ,2547,2211,,
upper_leg 0.90,upper_leg ,2425,290,,
joint 0.91,joint ,2648,1201.5,,
joint 0.38,joint ,2078,2944,,
lower_leg 0.87,lower_leg ,2559,2214,,
upper_leg 0.90,upper_leg ,2480,284.5,,
joint 0.91,joint ,2684.5,1203,,
lower_leg 0.89,lower_leg ,2564,2220.5,,
joint 0.90,joint ,2694,1207,,
upper_leg 0.90,upper_leg ,2518.5,280,,
lower_leg 0.88,lower_leg ,2557.5,2220,,
upper_leg 0.90,upper_leg ,2537.5,276,,
joint 0.91,joint ,2689,1207,,
lower_leg 0.88,lower_leg ,2559,2220,,
upper_leg 0.90,upper_leg ,2537.5,276,,
joint 0.91,joint ,2687.5,1207,,
lower_leg 0.88,lower_leg ,2556,2223.5,,
upper_leg 0.91,upper_leg ,2558,268,,
joint 0.91,joint ,2684,1208.5,,
lower_leg 0.88,lower_leg ,2556,2223.5,,
joint 0.91,joint ,2684,1209.5,,
upper_leg 0.91,upper_leg ,2558,268,,
lower_leg 0.88,lower_leg ,2564.5,2222,,
joint 0.90,joint ,2692,1209.5,,
upper_leg 0.91,upper_leg ,2573.5,267,,
joint 0.29,joint ,2076.5,2941,,
lower_leg 0.88,lower_leg ,2570,2220.5,,
joint 0.90,joint ,2717.5,1216,,
upper_leg 0.91,upper_leg ,2601.5,270.5,,
joint 0.25,joint ,2073.5,2941,,
lower_leg 0.87,lower_leg ,2572,2217.5,,
joint 0.90,joint ,2717,1214.5,,
upper_leg 0.91,upper_leg ,2606,272.5,,
lower_leg 0.86,lower_leg ,2570.5,2208,,
joint 0.91,joint ,2721.5,1203,,
upper_leg 0.91,upper_leg ,2619,275.5,,
lower_leg 0.86,lower_leg ,2572,2206.5,,
joint 0.91,joint ,2717.5,1200.5,,
upper_leg 0.91,upper_leg ,2615.5,277,,
lower_leg 0.86,lower_leg ,2572,2206.5,,
joint 0.91,joint ,2717.5,1200.5,,
upper_leg 0.91,upper_leg ,2615.5,277,,
lower_leg 0.88,lower_leg ,2578,2197,,
upper_leg 0.91,upper_leg ,2630,284.5,,
joint 0.93,joint ,2731,1199,,
lower_leg 0.90,lower_leg ,2578.5,2194,,
upper_leg 0.91,upper_leg ,2631.5,290.5,,
joint 0.92,joint ,2732.5,1198,,
lower_leg 0.90,lower_leg ,2578.5,2194,,
upper_leg 0.91,upper_leg ,2631.5,290.5,,
joint 0.92,joint ,2732.5,1198,,
lower_leg 0.88,lower_leg ,2611,2185.5,,
upper_leg 0.91,upper_leg ,2662.5,304,,
joint 0.93,joint ,2773.5,1200,,
lower_leg 0.89,lower_leg ,2635.5,2173.5,,
upper_leg 0.90,upper_leg ,2700,315.5,,
joint 0.93,joint ,2820.5,1197.5,,
lower_leg 0.89,lower_leg ,2635.5,2173.5,,
upper_leg 0.90,upper_leg ,2700,315.5,,
joint 0.93,joint ,2820.5,1197.5,,
lower_leg 0.89,lower_leg ,2700,2155,,
upper_leg 0.91,upper_leg ,2803,347.5,,
joint 0.94,joint ,2959.5,1208,,
joint 0.86,joint ,2997,1194.5,,
lower_leg 0.90,lower_leg ,2719,2131.5,,
upper_leg 0.92,upper_leg ,2811,344.5,,
lower_leg 0.91,lower_leg ,2678,2095.5,,
upper_leg 0.92,upper_leg ,2825,333,,
joint 0.93,joint ,3026.5,1173.5,,
lower_leg 0.90,lower_leg ,2525,2073.5,,
upper_leg 0.90,upper_leg ,2789,323,,
joint 0.91,joint ,2951.5,1173.5,,
lower_leg 0.90,lower_leg ,2234.5,2056.5,,
joint 0.91,joint ,2751.5,1176.5,,
upper_leg 0.91,upper_leg ,2680,322,,
lower_leg 0.90,lower_leg ,2234.5,2056.5,,
joint 0.91,joint ,2751.5,1176.5,,
upper_leg 0.91,upper_leg ,2680,322,,
lower_leg 0.89,lower_leg ,1647,1991,,
joint 0.91,joint ,2245.5,1155.5,,
upper_leg 0.91,upper_leg ,2328,292.5,,
lower_leg 0.89,lower_leg ,1561.5,2025,,
upper_leg 0.90,upper_leg ,2189,285.5,,
joint 0.90,joint ,2106,1159,,
lower_leg 0.89,lower_leg ,1561.5,2025,,
upper_leg 0.90,upper_leg ,2189,285.5,,
joint 0.90,joint ,2106,1159,,
upper_leg 0.89,upper_leg ,2009.5,298.5,,
joint 0.89,joint ,1931,1183,,
lower_leg 0.90,lower_leg ,1443,2084.5,,
lower_leg 0.87,lower_leg ,1388.5,2100,,
joint 0.90,joint ,1847,1188,,
upper_leg 0.92,upper_leg ,1923.5,304.5,,
lower_leg 0.87,lower_leg ,1388.5,2100,,
joint 0.90,joint ,1847,1188,,
upper_leg 0.92,upper_leg ,1923.5,304.5,,
lower_leg 0.88,lower_leg ,1275,2142.5,,
upper_leg 0.89,upper_leg ,1756.5,289.5,,
joint 0.91,joint ,1673,1194,,
joint 0.90,joint ,1583,1218.5,,
upper_leg 0.91,upper_leg ,1675.5,303.5,,
lower_leg 0.91,lower_leg ,1223.5,2179.5,,
lower_leg 0.88,lower_leg ,1183.5,2197,,
joint 0.90,joint ,1525.5,1233,,
upper_leg 0.91,upper_leg ,1612.5,321,,
lower_leg 0.88,lower_leg ,1141,2226.5,,
joint 0.90,joint ,1462.5,1253,,
upper_leg 0.91,upper_leg ,1547.5,330.5,,
lower_leg 0.88,lower_leg ,1141,2226.5,,
joint 0.90,joint ,1462.5,1253,,
upper_leg 0.91,upper_leg ,1547.5,330.5,,
lower_leg 0.89,lower_leg ,1089,2248.5,,
joint 0.90,joint ,1365.5,1265.5,,
upper_leg 0.92,upper_leg ,1425.5,341.5,,
lower_leg 0.88,lower_leg ,1061.5,2259.5,,
joint 0.91,joint ,1325.5,1269.5,,
upper_leg 0.93,upper_leg ,1366,334.5,,
lower_leg 0.88,lower_leg ,1061.5,2259.5,,
joint 0.91,joint ,1325.5,1269.5,,
upper_leg 0.93,upper_leg ,1366,335,,
lower_leg 0.91,lower_leg ,1028.5,2275,,
joint 0.91,joint ,1236.5,1268.5,,
upper_leg 0.92,upper_leg ,1240,328,,
lower_leg 0.90,lower_leg ,1015,2282.5,,
joint 0.90,joint ,1205,1271,,
upper_leg 0.91,upper_leg ,1190.5,323.5,,
lower_leg 0.25,lower_leg ,594,2953.5,,
lower_leg 0.90,lower_leg ,1015,2282.5,,
joint 0.90,joint ,1205,1271,,
upper_leg 0.91,upper_leg ,1190.5,323.5,,
lower_leg 0.41,lower_leg ,578.5,2962.5,,
joint 0.89,joint ,1146,1279,,
lower_leg 0.91,lower_leg ,982.5,2289,,
upper_leg 0.91,upper_leg ,1103,331,,
joint 0.90,joint ,1117,1271.5,,
lower_leg 0.91,lower_leg ,977,2287,,
upper_leg 0.92,upper_leg ,1055,329,,
joint 0.90,joint ,1117,1272.5,,
lower_leg 0.91,lower_leg ,977,2287,,
upper_leg 0.92,upper_leg ,1055,329,,
lower_leg 0.90,lower_leg ,971,2287,,
joint 0.90,joint ,1105,1274,,
upper_leg 0.92,upper_leg ,1041,336.5,,
joint 0.91,joint ,1103,1275,,
lower_leg 0.91,lower_leg ,972.5,2287,,
upper_leg 0.92,upper_leg ,1042,338,,
joint 0.91,joint ,1103,1275,,
lower_leg 0.91,lower_leg ,972.5,2287,,
upper_leg 0.92,upper_leg ,1042,338,,
lower_leg 0.89,lower_leg ,961,2278,,
joint 0.90,joint ,1093,1270.5,,
upper_leg 0.92,upper_leg ,1044,339,,
lower_leg 0.88,lower_leg ,955.5,2273.5,,
joint 0.91,joint ,1091.5,1268,,
upper_leg 0.92,upper_leg ,1040.5,343.5,,
lower_leg 0.87,lower_leg ,958.5,2267,,
upper_leg 0.92,upper_leg ,1029.5,346.5,,
joint 0.92,joint ,1078.5,1262.5,,
lower_leg 0.87,lower_leg ,952.5,2264,,
joint 0.91,joint ,1071,1260,,
upper_leg 0.91,upper_leg ,1022,351,,
lower_leg 0.87,lower_leg ,952.5,2261,,
joint 0.90,joint ,1069,1265.5,,
upper_leg 0.91,upper_leg ,1019.5,354.5,,
lower_leg 0.87,lower_leg ,952.5,2261,,
joint 0.90,joint ,1069,1265.5,,
upper_leg 0.91,upper_leg ,1019.5,354.5,,
lower_leg 0.87,lower_leg ,955,2256,,
upper_leg 0.90,upper_leg ,1008,366.5,,
joint 0.90,joint ,1064.5,1264.5,,
lower_leg 0.89,lower_leg ,979.5,2245.5,,
upper_leg 0.90,upper_leg ,1019,375,,
joint 0.91,joint ,1102.5,1261.5,,
lower_leg 0.89,lower_leg ,979.5,2245.5,,
upper_leg 0.90,upper_leg ,1019,375,,
joint 0.91,joint ,1102.5,1261.5,,
lower_leg 0.89,lower_leg ,1108.5,2172,,
upper_leg 0.91,upper_leg ,1112.5,379.5,,
joint 0.91,joint ,1293,1222.5,,
lower_leg 0.90,lower_leg ,1244,2117,,
joint 0.90,joint ,1459.5,1173.5,,
upper_leg 0.91,upper_leg ,1219,358.5,,
lower_leg 0.89,lower_leg ,1404,2115.5,,
upper_leg 0.91,upper_leg ,1294.5,341.5,,
joint 0.92,joint ,1549.5,1146,,
lower_leg 0.88,lower_leg ,1552.5,2117,,
joint 0.90,joint ,1587.5,1141,,
upper_leg 0.92,upper_leg ,1315.5,344,,
lower_leg 0.90,lower_leg ,1677.5,2100,,
upper_leg 0.91,upper_leg ,1351,343.5,,
joint 0.91,joint ,1656.5,1128,,
lower_leg 0.90,lower_leg ,1770.5,2087.5,,
joint 0.91,joint ,1737.5,1112,,
upper_leg 0.92,upper_leg ,1412,338.5,,
lower_leg 0.90,lower_leg ,1770.5,2087.5,,
joint 0.91,joint ,1737.5,1112,,
upper_leg 0.92,upper_leg ,1412,338.5,,
lower_leg 0.88,lower_leg ,1855,2082.5,,
joint 0.90,joint ,1807.5,1107,,
upper_leg 0.92,upper_leg ,1474,337,,
lower_leg 0.90,lower_leg ,1884,2087.5,,
joint 0.91,joint ,1856,1109,,
upper_leg 0.92,upper_leg ,1509.5,337,,
lower_leg 0.90,lower_leg ,1884,2087.5,,
joint 0.91,joint ,1856,1109,,
upper_leg 0.92,upper_leg ,1509.5,337,,
joint 0.89,joint ,1887.5,1146.5,,
lower_leg 0.90,lower_leg ,1920.5,2125,,
upper_leg 0.90,upper_leg ,1543,359.5,,
upper_leg 0.88,upper_leg ,1554.5,373.5,,
joint 0.90,joint ,1892.5,1165,,
lower_leg 0.91,lower_leg ,1929.5,2140.5,,
upper_leg 0.88,upper_leg ,1554.5,373.5,,
joint 0.90,joint ,1892.5,1165,,
lower_leg 0.91,lower_leg ,1929.5,2140.5,,
upper_leg 0.89,upper_leg ,1555,393,,
lower_leg 0.90,lower_leg ,1937.5,2169,,
joint 0.91,joint ,1883,1197.5,,
joint 0.87,joint ,1898.5,1198,,
lower_leg 0.89,lower_leg ,1956,2186,,
upper_leg 0.90,upper_leg ,1579,394,,
upper_leg 0.90,upper_leg ,1614.5,401,,
lower_leg 0.90,lower_leg ,1979.5,2193.5,,
joint 0.94,joint ,1940.5,1209.5,,
upper_leg 0.90,upper_leg ,1614.5,401,,
lower_leg 0.90,lower_leg ,1979.5,2193.5,,
joint 0.94,joint ,1940.5,1209.5,,
lower_leg 0.88,lower_leg ,2040.5,2212.5,,
upper_leg 0.90,upper_leg ,1712.5,399.5,,
joint 0.94,joint ,2031,1223,,
lower_leg 0.87,lower_leg ,2075,2214,,
upper_leg 0.90,upper_leg ,1777,392,,
joint 0.92,joint ,2087.5,1227,,
lower_leg 0.87,lower_leg ,2075,2214,,
upper_leg 0.90,upper_leg ,1777,392,,
joint 0.92,joint ,2087.5,1227,,
joint 0.89,joint ,2208,1223,,
lower_leg 0.89,lower_leg ,2137.5,2225,,
upper_leg 0.91,upper_leg ,1939,364,,
lower_leg 0.87,lower_leg ,2145.5,2229.5,,
joint 0.91,joint ,2239,1228,,
upper_leg 0.91,upper_leg ,1993.5,349,,
lower_leg 0.87,lower_leg ,2155,2240.5,,
joint 0.90,joint ,2245,1239,,
upper_leg 0.91,upper_leg ,2070,333.5,,
joint 0.90,joint ,2228.5,1239.5,,
lower_leg 0.91,lower_leg ,2137.5,2245.5,,
upper_leg 0.91,upper_leg ,2080,324,,
joint 0.89,joint ,2220,1240,,
lower_leg 0.89,lower_leg ,2137.5,2245.5,,
upper_leg 0.91,upper_leg ,2081,315.5,,
joint 0.89,joint ,2220,1240,,
lower_leg 0.89,lower_leg ,2137.5,2245.5,,
upper_leg 0.91,upper_leg ,2081,315.5,,
lower_leg 0.34,lower_leg ,1731.5,2959.5,,
lower_leg 0.87,lower_leg ,2147,2248.5,,
joint 0.90,joint ,2237.5,1242,,
upper_leg 0.92,upper_leg ,2120,318,,
lower_leg 0.87,lower_leg ,2153,2246.5,,
joint 0.90,joint ,2242,1244,,
upper_leg 0.93,upper_leg ,2128,318,,
lower_leg 0.87,lower_leg ,2153,2246.5,,
joint 0.90,joint ,2242,1244,,
upper_leg 0.93,upper_leg ,2128,318,,
lower_leg 0.87,lower_leg ,2145,2237.5,,
joint 0.91,joint ,2226.5,1231.5,,
upper_leg 0.92,upper_leg ,2142,308,,
lower_leg 0.88,lower_leg ,2173.5,2231.5,,
upper_leg 0.89,upper_leg ,2203.5,310,,
joint 0.91,joint ,2282.5,1231,,
lower_leg 0.89,lower_leg ,2178,2223.5,,
joint 0.90,joint ,2303,1229,,
upper_leg 0.92,upper_leg ,2245.5,308.5,,
lower_leg 0.88,lower_leg ,2194,2219,,
joint 0.91,joint ,2328,1223,,
upper_leg 0.91,upper_leg ,2266,307,,
lower_leg 0.88,lower_leg ,2197,2216,,
joint 0.91,joint ,2336,1222,,
upper_leg 0.91,upper_leg ,2279.5,304.5,,
lower_leg 0.88,lower_leg ,2197,2216,,
joint 0.91,joint ,2336,1222,,
upper_leg 0.91,upper_leg ,2279.5,304.5,,
lower_leg 0.87,lower_leg ,2201.5,2215.5,,
upper_leg 0.89,upper_leg ,2303,312,,
joint 0.91,joint ,2342.5,1228.5,,
lower_leg 0.87,lower_leg ,2206.5,2215.5,,
upper_leg 0.90,upper_leg ,2307.5,309.5,,
joint 0.91,joint ,2351.5,1221,,
lower_leg 0.87,lower_leg ,2206.5,2215.5,,
upper_leg 0.90,upper_leg ,2311,312,,
joint 0.91,joint ,2351.5,1221,,
lower_leg 0.88,lower_leg ,2207.5,2217,,
joint 0.91,joint ,2353.5,1226.5,,
upper_leg 0.92,upper_leg ,2323.5,315.5,,
lower_leg 0.88,lower_leg ,2206.5,2217,,
joint 0.91,joint ,2353,1226.5,,
upper_leg 0.92,upper_leg ,2323.5,315,,
lower_leg 0.88,lower_leg ,2206.5,2219,,
joint 0.91,joint ,2348.5,1227,,
upper_leg 0.91,upper_leg ,2319,314.5,,
lower_leg 0.88,lower_leg ,2206.5,2219,,
joint 0.90,joint ,2348.5,1227,,
upper_leg 0.91,upper_leg ,2319,314.5,,
lower_leg 0.87,lower_leg ,2203,2219,,
joint 0.90,joint ,2343.5,1229,,
upper_leg 0.91,upper_leg ,2314.5,311,,
lower_leg 0.87,lower_leg ,2201.5,2219,,
upper_leg 0.90,upper_leg ,2311,310.5,,
joint 0.91,joint ,2342,1229.5,,
lower_leg 0.87,lower_leg ,2201.5,2220.5,,
upper_leg 0.90,upper_leg ,2304.5,308.5,,
joint 0.90,joint ,2337.5,1230.5,,
lower_leg 0.87,lower_leg ,2201.5,2220.5,,
upper_leg 0.90,upper_leg ,2304.5,307.5,,
joint 0.90,joint ,2337.5,1230.5,,
lower_leg 0.87,lower_leg ,2201.5,2220.5,,
upper_leg 0.90,upper_leg ,2304.5,307.5,,
joint 0.90,joint ,2337.5,1230.5,,
lower_leg 0.87,lower_leg ,2201.5,2220.5,,
upper_leg 0.90,upper_leg ,2308,309,,
joint 0.91,joint ,2337.5,1230.5,,
lower_leg 0.87,lower_leg ,2202,2217.5,,
upper_leg 0.89,upper_leg ,2305,308.5,,
joint 0.91,joint ,2334,1230.5,,
lower_leg 0.88,lower_leg ,2202,2217.5,,
upper_leg 0.89,upper_leg ,2305,308.5,,
joint 0.91,joint ,2334,1230.5,,
upper_leg 0.87,upper_leg ,2297,304.5,,
lower_leg 0.88,lower_leg ,2197,2220,,
joint 0.91,joint ,2331,1230.5,,
upper_leg 0.88,upper_leg ,2293.5,303.5,,
lower_leg 0.88,lower_leg ,2195,2220,,
joint 0.91,joint ,2328,1230.5,,
lower_leg 0.89,lower_leg ,2194,2220,,
upper_leg 0.90,upper_leg ,2289,303.5,,
joint 0.91,joint ,2327,1230.5,,
lower_leg 0.89,lower_leg ,2194,2220,,
upper_leg 0.90,upper_leg ,2287.5,302.5,,
joint 0.91,joint ,2327,1231.5,,
lower_leg 0.88,lower_leg ,2194,2220,,
upper_leg 0.90,upper_leg ,2287.5,302.5,,
joint 0.91,joint ,2327,1231.5,,
lower_leg 0.88,lower_leg ,2194,2220,,
upper_leg 0.90,upper_leg ,2287.5,302.5,,
joint 0.91,joint ,2327,1231.5,,
lower_leg 0.88,lower_leg ,2192,2220,,
upper_leg 0.90,upper_leg ,2286,302.5,,
joint 0.91,joint ,2325,1231.5,,
lower_leg 0.88,lower_leg ,2192,2220,,
upper_leg 0.90,upper_leg ,2284.5,302.5,,
joint 0.91,joint ,2325,1230.5,,
lower_leg 0.88,lower_leg ,2192,2220,,
upper_leg 0.90,upper_leg ,2284.5,302.5,,
joint 0.91,joint ,2325,1230.5,,
lower_leg 0.88,lower_leg ,2192,2220,,
upper_leg 0.90,upper_leg ,2284.5,302.5,,
joint 0.91,joint ,2325,1230.5,,
lower_leg 0.88,lower_leg ,2191,2220,,
upper_leg 0.90,upper_leg ,2282.5,302.5,,
joint 0.91,joint ,2323,1230.5,,
lower_leg 0.88,lower_leg ,2192,2220,,
upper_leg 0.91,upper_leg ,2282.5,302.5,,
joint 0.91,joint ,2323,1230.5,,
lower_leg 0.88,lower_leg ,2192,2220,,
upper_leg 0.91,upper_leg ,2282.5,302.5,,
joint 0.91,joint ,2323,1230.5,,
lower_leg 0.88,lower_leg ,2191,2220,,
joint 0.91,joint ,2323,1230.5,,
upper_leg 0.91,upper_leg ,2281.5,302,,
,,,,,
,,,,,
,,,,,
,,,,,
,,,,,
,,,,,
